ISO-10303-21;
HEADER;

/******************************************************************************************
* STEP Physical File produced by: The EXPRESS Data Manager Version 5.02.0100.07 : 28 Aug 2013
* Module:                         EDMstepFileFactory/EDMstandAlone
* Creation date:                  Wed Aug 23 14:58:55 2017
* Host:                           RemoteThinktank
* Database:                       C:\Users\User-PC\AppData\Local\Temp\{F5E56861-57E9-4CE9-AC8F-AC32026B669E}\ifc
* Database version:               5507
* Database creation date:         Wed Aug 23 14:58:54 2017
* Schema:                         IFC2X3
* Model:                          DataRepository.ifc
* Model creation date:            Wed Aug 23 14:58:55 2017
* Header model:                   DataRepository.ifc_HeaderModel
* Header model creation date:     Wed Aug 23 14:58:55 2017
* EDMuser:                        sdai-user
* EDMgroup:                       sdai-group
* License ID and type:            5605 : Permanent license. Expiry date: 
* EDMstepFileFactory options:     020000
******************************************************************************************/
FILE_DESCRIPTION(('ViewDefinition [CoordinationView]'),'2;1');
FILE_NAME('Project Number','2017-08-23T14:58:55',(''),(''),'The EXPRESS Data Manager Version 5.02.0100.07 : 28 Aug 2013','20140223_1515(x64) - Exporter 2015.0.2014.0223 - Default UI','');
FILE_SCHEMA(('IFC2X3'));
ENDSEC;

DATA;
#1= IFCORGANIZATION($,'Autodesk Revit 2015 (ENU)',$,$,$);
#5= IFCAPPLICATION(#1,'2015','Autodesk Revit 2015 (ENU)','Revit');
#6= IFCCARTESIANPOINT((0.,0.,0.));
#9= IFCCARTESIANPOINT((0.,0.));
#11= IFCDIRECTION((1.,0.,0.));
#13= IFCDIRECTION((-1.,0.,0.));
#15= IFCDIRECTION((0.,1.,0.));
#17= IFCDIRECTION((0.,-1.,0.));
#19= IFCDIRECTION((0.,0.,1.));
#21= IFCDIRECTION((0.,0.,-1.));
#23= IFCDIRECTION((1.,0.));
#25= IFCDIRECTION((-1.,0.));
#27= IFCDIRECTION((0.,1.));
#29= IFCDIRECTION((0.,-1.));
#31= IFCAXIS2PLACEMENT3D(#6,$,$);
#32= IFCLOCALPLACEMENT(#4305,#31);
#35= IFCPERSON($,'','benfox',$,$,$,$,$);
#37= IFCORGANIZATION($,'','',$,$);
#38= IFCPERSONANDORGANIZATION(#35,#37,$);
#41= IFCOWNERHISTORY(#38,#5,$,.NOCHANGE.,$,$,$,1503377830);
#42= IFCSIUNIT(*,.LENGTHUNIT.,.MILLI.,.METRE.);
#43= IFCSIUNIT(*,.LENGTHUNIT.,$,.METRE.);
#44= IFCSIUNIT(*,.AREAUNIT.,$,.SQUARE_METRE.);
#45= IFCSIUNIT(*,.VOLUMEUNIT.,$,.CUBIC_METRE.);
#46= IFCSIUNIT(*,.PLANEANGLEUNIT.,$,.RADIAN.);
#47= IFCDIMENSIONALEXPONENTS(0,0,0,0,0,0,0);
#48= IFCMEASUREWITHUNIT(IFCRATIOMEASURE(0.0174532925199433),#46);
#49= IFCCONVERSIONBASEDUNIT(#47,.PLANEANGLEUNIT.,'DEGREE',#48);
#50= IFCSIUNIT(*,.MASSUNIT.,.KILO.,.GRAM.);
#51= IFCSIUNIT(*,.TIMEUNIT.,$,.SECOND.);
#52= IFCSIUNIT(*,.FREQUENCYUNIT.,$,.HERTZ.);
#53= IFCSIUNIT(*,.THERMODYNAMICTEMPERATUREUNIT.,$,.KELVIN.);
#54= IFCSIUNIT(*,.THERMODYNAMICTEMPERATUREUNIT.,$,.DEGREE_CELSIUS.);
#55= IFCDERIVEDUNITELEMENT(#50,1);
#56= IFCDERIVEDUNITELEMENT(#53,-1);
#57= IFCDERIVEDUNITELEMENT(#51,-3);
#58= IFCDERIVEDUNIT((#55,#56,#57),.THERMALTRANSMITTANCEUNIT.,$);
#60= IFCDERIVEDUNITELEMENT(#43,3);
#61= IFCDERIVEDUNITELEMENT(#51,-1);
#62= IFCDERIVEDUNIT((#60,#61),.VOLUMETRICFLOWRATEUNIT.,$);
#64= IFCSIUNIT(*,.ELECTRICCURRENTUNIT.,$,.AMPERE.);
#65= IFCSIUNIT(*,.ELECTRICVOLTAGEUNIT.,$,.VOLT.);
#66= IFCSIUNIT(*,.POWERUNIT.,$,.WATT.);
#67= IFCSIUNIT(*,.FORCEUNIT.,.KILO.,.NEWTON.);
#68= IFCSIUNIT(*,.ILLUMINANCEUNIT.,$,.LUX.);
#69= IFCSIUNIT(*,.LUMINOUSFLUXUNIT.,$,.LUMEN.);
#70= IFCSIUNIT(*,.LUMINOUSINTENSITYUNIT.,$,.CANDELA.);
#71= IFCDERIVEDUNITELEMENT(#50,-1);
#72= IFCDERIVEDUNITELEMENT(#43,-2);
#73= IFCDERIVEDUNITELEMENT(#51,3);
#74= IFCDERIVEDUNITELEMENT(#69,1);
#75= IFCDERIVEDUNIT((#71,#72,#73,#74),.USERDEFINED.,'Luminous Efficacy');
#77= IFCSIUNIT(*,.PRESSUREUNIT.,$,.PASCAL.);
#78= IFCUNITASSIGNMENT((#42,#44,#45,#49,#50,#51,#52,#54,#58,#62,#64,#65,#66,#67,#68,#69,#70,#77));
#80= IFCAXIS2PLACEMENT3D(#6,$,$);
#81= IFCDIRECTION((6.12303176911189E-17,1.));
#83= IFCGEOMETRICREPRESENTATIONCONTEXT($,'Model',3,0.01,#80,#81);
#86= IFCGEOMETRICREPRESENTATIONSUBCONTEXT('Axis','Model',*,*,*,*,#83,$,.GRAPH_VIEW.,$);
#88= IFCGEOMETRICREPRESENTATIONSUBCONTEXT('Body','Model',*,*,*,*,#83,$,.MODEL_VIEW.,$);
#89= IFCGEOMETRICREPRESENTATIONSUBCONTEXT('Box','Model',*,*,*,*,#83,$,.MODEL_VIEW.,$);
#90= IFCGEOMETRICREPRESENTATIONSUBCONTEXT('FootPrint','Model',*,*,*,*,#83,$,.MODEL_VIEW.,$);
#91= IFCGEOMETRICREPRESENTATIONCONTEXT($,'Annotation',3,0.01,#80,#81);
#92= IFCGEOMETRICREPRESENTATIONSUBCONTEXT($,'Annotation',*,*,*,*,#91,0.01,.PLAN_VIEW.,$);
#94= IFCPROJECT('3Bgr3VrYj3GvYAomU0Hkgh',#41,'Project Number',$,$,'Project Name','Project Status',(#83,#91),#78);
#100= IFCPOSTALADDRESS($,$,$,$,('Enter address here'),$,'','Sydney','NSW','Australia');
#104= IFCBUILDING('3Bgr3VrYj3GvYAomU0Hkgg',#41,'',$,$,#32,$,'',.ELEMENT.,$,$,#100);
#110= IFCAXIS2PLACEMENT3D(#6,$,$);
#111= IFCLOCALPLACEMENT(#32,#110);
#113= IFCBUILDINGSTOREY('3Bgr3VrYj3GvYAomT$kHHi',#41,'1 Ground Floor - Fine',$,$,#111,$,'1 Ground Floor - Fine',.ELEMENT.,0.);
#115= IFCAXIS2PLACEMENT3D(#6,$,$);
#4450= IFCRELDEFINESBYPROPERTIES('0rigferdD4Yx7hjkvp1xyO',#41,$,$,(#113),#4385);
#117= IFCCARTESIANPOINT((0.,32.4999999999962,-44.4999999999615));
#119= IFCCARTESIANPOINT((-3.88228567653207,31.9888873943322,-44.4999999999615));
#121= IFCCARTESIANPOINT((-7.49999999999543,30.4903810567623,-44.4999999999615));
#123= IFCCARTESIANPOINT((-10.6066017177947,28.1066017177932,-44.4999999999615));
#125= IFCCARTESIANPOINT((-12.9903810567638,25.,-44.4999999999615));
#127= IFCCARTESIANPOINT((-14.4888873943338,21.3822856765307,-44.4999999999615));
#129= IFCCARTESIANPOINT((-15.,17.4999999999916,-44.4999999999615));
#131= IFCCARTESIANPOINT((-14.4888873943339,13.6177143234526,-44.4999999999615));
#133= IFCCARTESIANPOINT((-12.9903810567641,10.,-44.4999999999615));
#135= IFCCARTESIANPOINT((-10.606601717795,6.89339828218999,-44.4999999999615));
#137= IFCCARTESIANPOINT((-7.4999999999958,4.50961894322081,-44.4999999999615));
#139= IFCCARTESIANPOINT((-3.88228567653249,3.01111260565083,-44.4999999999615));
#141= IFCCARTESIANPOINT((0.,2.49999999998663,-44.4999999999615));
#143= IFCCARTESIANPOINT((3.8822856765458,3.01111260565076,-44.4999999999615));
#145= IFCCARTESIANPOINT((7.50000000000915,4.50961894322067,-44.4999999999615));
#147= IFCCARTESIANPOINT((10.6066017178084,6.89339828218979,-44.4999999999615));
#149= IFCCARTESIANPOINT((12.9903810567775,10.,-44.4999999999615));
#151= IFCCARTESIANPOINT((14.4888873943474,13.6177143234523,-44.4999999999615));
#153= IFCCARTESIANPOINT((15.,17.4999999999914,-44.4999999999615));
#155= IFCCARTESIANPOINT((14.4888873943475,21.3822856765304,-44.4999999999615));
#157= IFCCARTESIANPOINT((12.9903810567776,25.,-44.4999999999615));
#159= IFCCARTESIANPOINT((10.6066017178085,28.106601717793,-44.4999999999615));
#161= IFCCARTESIANPOINT((7.50000000000927,30.4903810567621,-44.4999999999615));
#163= IFCCARTESIANPOINT((3.88228567654594,31.9888873943321,-44.4999999999615));
#165= IFCCARTESIANPOINT((0.,32.4999999999962,-86.4999999999564));
#167= IFCCARTESIANPOINT((-3.88228567653648,31.988887394331,-86.4999999999564));
#169= IFCCARTESIANPOINT((-7.49999999999898,30.4903810567602,-86.4999999999564));
#171= IFCCARTESIANPOINT((-10.606601717797,28.1066017177908,-86.4999999999564));
#173= IFCCARTESIANPOINT((-12.990381056765,25.,-86.4999999999564));
#175= IFCCARTESIANPOINT((-14.4888873943341,21.3822856765295,-86.4999999999564));
#177= IFCCARTESIANPOINT((-15.,17.4999999999916,-86.4999999999564));
#179= IFCCARTESIANPOINT((-14.4888873943342,13.6177143234538,-86.4999999999564));
#181= IFCCARTESIANPOINT((-12.9903810567652,10.,-86.4999999999564));
#183= IFCCARTESIANPOINT((-10.6066017177973,6.89339828219235,-86.4999999999564));
#185= IFCCARTESIANPOINT((-7.49999999999936,4.50961894322286,-86.4999999999564));
#187= IFCCARTESIANPOINT((-3.8822856765369,3.01111260565201,-86.4999999999564));
#189= IFCCARTESIANPOINT((0.,2.49999999998663,-86.4999999999564));
#191= IFCCARTESIANPOINT((3.88228567654139,3.01111260564958,-86.4999999999564));
#193= IFCCARTESIANPOINT((7.5000000000056,4.50961894321862,-86.4999999999564));
#195= IFCCARTESIANPOINT((10.606601717806,6.89339828218742,-86.4999999999564));
#197= IFCCARTESIANPOINT((12.9903810567763,10.,-86.4999999999564));
#199= IFCCARTESIANPOINT((14.4888873943471,13.6177143234511,-86.4999999999564));
#201= IFCCARTESIANPOINT((15.,17.4999999999914,-86.4999999999564));
#203= IFCCARTESIANPOINT((14.4888873943472,21.3822856765316,-86.4999999999564));
#205= IFCCARTESIANPOINT((12.9903810567764,25.,-86.4999999999564));
#207= IFCCARTESIANPOINT((10.6066017178061,28.1066017177954,-86.4999999999564));
#209= IFCCARTESIANPOINT((7.50000000000573,30.4903810567642,-86.4999999999564));
#211= IFCCARTESIANPOINT((3.88228567654153,31.9888873943333,-86.4999999999564));
#213= IFCCARTESIANPOINT((-20.,2.4999999999867,-106.499999999957));
#215= IFCCARTESIANPOINT((-5.85786437626725,2.49999999998665,-100.642135623688));
#217= IFCCARTESIANPOINT((-5.85786437626707,32.4999999999963,-100.642135623688));
#219= IFCCARTESIANPOINT((-20.,32.4999999999963,-106.499999999962));
#221= IFCCARTESIANPOINT((-20.,31.9888873943334,-102.617714323422));
#223= IFCCARTESIANPOINT((-20.,30.4903810567644,-99.));
#225= IFCCARTESIANPOINT((-20.,28.1066017177956,-95.8933982821578));
#227= IFCCARTESIANPOINT((-20.,25.,-93.5096189431874));
#229= IFCCARTESIANPOINT((-20.,21.3822856765319,-92.0111126056166));
#231= IFCCARTESIANPOINT((-20.,17.4999999999917,-91.4999999999521));
#233= IFCCARTESIANPOINT((-20.,13.6177143234514,-92.0111126056165));
#235= IFCCARTESIANPOINT((-20.,10.,-93.5096189431873));
#237= IFCCARTESIANPOINT((-20.,6.89339828218766,-95.8933982821575));
#239= IFCCARTESIANPOINT((-20.,4.50961894321881,-99.));
#241= IFCCARTESIANPOINT((-20.,3.01111260564971,-102.617714323422));
#243= IFCCARTESIANPOINT((-13.2476274526456,2.49999999998668,-103.703075712648));
#245= IFCCARTESIANPOINT((-2.79692427662805,2.49999999998664,-93.2523725215271));
#247= IFCCARTESIANPOINT((-2.79692424396543,32.4999999999962,-93.2523724426731));
#249= IFCCARTESIANPOINT((-13.247626762536,32.4999999999963,-103.703075426797));
#251= IFCCARTESIANPOINT((-10.787891094159,30.7811769971788,-95.7121078214944));
#253= IFCCARTESIANPOINT((-10.7878915868154,4.21882296988884,-95.7121084028224));
#255= IFCCARTESIANPOINT((-13.6551164735883,27.6865512310339,-92.8679715698375));
#257= IFCCARTESIANPOINT((-13.6320289381725,7.313448840066,-92.8448839430538));
#259= IFCCARTESIANPOINT((-15.4717829174425,23.8360187533437,-91.0282167223782));
#261= IFCCARTESIANPOINT((-15.4717829555298,11.163980939969,-91.0282169625754));
#263= IFCCARTESIANPOINT((-5.14726492774526,31.9461233595852,-92.3451342498322));
#265= IFCCARTESIANPOINT((-14.1548646547321,31.9461233861962,-101.352734743426));
#267= IFCCARTESIANPOINT((-5.14726519444047,3.0538766382368,-92.3451349486234));
#269= IFCCARTESIANPOINT((-14.1548649955889,3.05387665183177,-101.352734731317));
#271= IFCCARTESIANPOINT((-16.355644734173,15.3568218845987,-90.1443551381274));
#273= IFCCARTESIANPOINT((-16.3556447247386,19.6431778325397,-90.1443550709487));
#275= IFCCARTESIANPOINT((-15.6151833269925,30.0608327823214,-97.4560156789057));
#277= IFCCARTESIANPOINT((-9.04398436822719,30.0608325519083,-90.8848158408465));
#279= IFCCARTESIANPOINT((-9.04398446172894,4.93916742581852,-90.8848161662344));
#281= IFCCARTESIANPOINT((-15.6151838073063,4.93916746290946,-97.4560154664503));
#283= IFCCARTESIANPOINT((-1.39846213831306,2.49999999998664,-89.8761862607418));
#285= IFCCARTESIANPOINT((-2.27191150046155,2.7991028233202,-86.4999999999565));
#287= IFCCARTESIANPOINT((-16.6238133812672,32.4999999999963,-105.10153771338));
#289= IFCCARTESIANPOINT((-20.,32.2008971712411,-104.228088458311));
#291= IFCCARTESIANPOINT((-16.6238137263221,2.49999999998669,-105.101537856302));
#293= IFCCARTESIANPOINT((-20.,2.79910282548253,-104.228088483067));
#295= IFCCARTESIANPOINT((-1.39846212198163,32.4999999999962,-89.8761862213148));
#297= IFCCARTESIANPOINT((-2.27191156768317,32.2008971678128,-86.4999999999564));
#299= IFCCARTESIANPOINT((-4.32739431011625,32.4999999999963,-96.9472540331804));
#301= IFCCARTESIANPOINT((-9.35070466640428,32.0639564530446,-98.9846532081659));
#303= IFCCARTESIANPOINT((-9.55274556940154,32.4999999999963,-102.172605525243));
#305= IFCCARTESIANPOINT((-7.51534685948952,2.93604354392597,-97.1492954317471));
#307= IFCCARTESIANPOINT((-4.32739432644765,2.49999999998665,-96.9472540726074));
#309= IFCCARTESIANPOINT((-9.55274591445644,2.49999999998666,-102.172605668168));
#311= IFCCARTESIANPOINT((-7.6144738493364,31.7163924808811,-95.3375027212758));
#313= IFCCARTESIANPOINT((-11.1624971815348,3.28360767729353,-98.8855255039061));
#315= IFCCARTESIANPOINT((-20.,3.01111260565201,-110.3822856765));
#317= IFCCARTESIANPOINT((-20.,4.5096189432228,-114.));
#319= IFCCARTESIANPOINT((-20.,6.89339828219224,-117.106601717761));
#321= IFCCARTESIANPOINT((-20.,10.,-119.490381056729));
#323= IFCCARTESIANPOINT((-20.,13.6177143234536,-120.988887394298));
#325= IFCCARTESIANPOINT((-20.,17.4999999999915,-121.499999999962));
#327= IFCCARTESIANPOINT((-20.,21.3822856765293,-120.988887394298));
#329= IFCCARTESIANPOINT((-20.,25.,-119.490381056729));
#331= IFCCARTESIANPOINT((-20.,28.1066017177907,-117.106601717761));
#333= IFCCARTESIANPOINT((-20.,30.4903810567602,-114.));
#335= IFCCARTESIANPOINT((-20.,31.988887394331,-110.3822856765));
#337= IFCCARTESIANPOINT((4.69250626323069,19.0425195035558,-111.192505899204));
#339= IFCCARTESIANPOINT((1.90888891501976,7.28456477122226,-108.408886965095));
#341= IFCCARTESIANPOINT((0.753931345193056,27.8338129017306,-109.355821680242));
#343= IFCCARTESIANPOINT((-3.80374370057841,12.4750661007756,-116.546017004243));
#345= IFCCARTESIANPOINT((10.0460173973041,12.4750660033055,-102.696255497251));
#347= IFCCARTESIANPOINT((-5.97867825435261,22.6290394416465,-117.579405469647));
#349= IFCCARTESIANPOINT((11.0794055131992,22.6290394814653,-100.521321613932));
#351= IFCCARTESIANPOINT((3.97561894444551,30.5931760348517,-99.5958434770157));
#353= IFCCARTESIANPOINT((4.10935891363171,4.38255769663227,-99.2550378323623));
#355= IFCCARTESIANPOINT((-7.2449605976598,4.38255752754121,-110.609357738114));
#357= IFCCARTESIANPOINT((-7.86726650259457,30.6609701524222,-110.840163615582));
#359= IFCCARTESIANPOINT((-10.2595516767944,15.6906709953673,-120.003270083117));
#361= IFCCARTESIANPOINT((13.5032701601059,15.6906709738718,-96.2404480491493));
#363= IFCCARTESIANPOINT((-10.2518344443934,8.96581958752091,-117.331254084623));
#365= IFCCARTESIANPOINT((10.8312540897471,8.96581931997819,-96.2481649255193));
#367= IFCCARTESIANPOINT((-11.1190107906649,26.0900812004311,-117.551719089856));
#369= IFCCARTESIANPOINT((11.0517191024969,26.0900812207234,-95.3809891136971));
#371= IFCCARTESIANPOINT((1.49990516188869,32.1281161009573,-95.5303438616344));
#373= IFCCARTESIANPOINT((-2.65190979626067,31.6705407759255,-104.388441547952));
#375= IFCCARTESIANPOINT((1.52704490001216,2.86785148073773,-95.4189994548833));
#377= IFCCARTESIANPOINT((-11.0810001435454,2.86785145329465,-108.027044601957));
#379= IFCCARTESIANPOINT((-2.33425506749858,3.35191304746186,-104.165743579032));
#381= IFCCARTESIANPOINT((7.06055388446621,25.7747141409076,-104.519486660902));
#383= IFCCARTESIANPOINT((1.44214278261236,24.2706139626538,-112.088945632003));
#385= IFCCARTESIANPOINT((-11.27214291505,32.1390008782217,-108.072330935256));
#387= IFCCARTESIANPOINT((-12.421433986919,12.0801890406616,-119.630891081322));
#389= IFCCARTESIANPOINT((-12.4294103352061,19.3433418406762,-120.554962666293));
#391= IFCCARTESIANPOINT((-3.20731430163034,18.4947944372172,-117.170753968966));
#393= IFCCARTESIANPOINT((13.1308911191847,12.0801889496991,-94.0785656896381));
#395= IFCCARTESIANPOINT((14.0549627042751,19.3433418473527,-94.0705894902863));
#397= IFCCARTESIANPOINT((10.670754182223,18.4947945035594,-103.292685299725));
#399= IFCCARTESIANPOINT((-12.2821206806044,6.10303845991731,-115.233943835062));
#401= IFCCARTESIANPOINT((8.73394366519585,6.10303832304052,-94.2178793352986));
#403= IFCCARTESIANPOINT((-12.4122142232069,28.9060046562087,-115.257631449267));
#405= IFCCARTESIANPOINT((8.7576314569369,28.9060046719758,-94.0877856754889));
#407= IFCCARTESIANPOINT((-4.67907393735375,7.39148227849287,-113.544037966023));
#409= IFCCARTESIANPOINT((0.382250440877564,9.98134803816375,-112.427157934302));
#411= IFCCARTESIANPOINT((4.42722630347423,13.8347806531944,-110.927225650008));
#413= IFCCARTESIANPOINT((6.2971103191907,9.78711371017051,-106.212389165045));
#415= IFCCARTESIANPOINT((6.8461128536512,7.20896812346482,-101.826542087333));
#417= IFCCARTESIANPOINT((-5.43994067323793,27.4512441670922,-114.121146330155));
#419= IFCCARTESIANPOINT((-13.1843020987887,22.5271975862288,-119.945076795705));
#421= IFCCARTESIANPOINT((13.4450767949326,22.5271976415956,-93.3156978065442));
#423= IFCCARTESIANPOINT((5.37588383283707,28.5132989986843,-102.843768900533));
#425= IFCCARTESIANPOINT((-4.99024052393299,25.1286318473536,-115.793711803443));
#427= IFCCARTESIANPOINT((-0.281544369762045,4.95418641507387,-106.690794351217));
#429= IFCCARTESIANPOINT((-0.140373018820614,30.0946640348428,-106.446219911175));
#431= IFCCARTESIANPOINT((6.86761402276296,22.7967192595896,-107.39076646989));
#433= IFCCARTESIANPOINT((3.07370604025063,21.7030046318267,-112.012815877259));
#435= IFCCARTESIANPOINT((-12.9289321881327,32.4999999999963,-103.571067811822));
#437= IFCCARTESIANPOINT((6.43763691420752,30.6276661083043,-93.1329975264935));
#439= IFCCARTESIANPOINT((5.78276860455838,3.94002172205222,-92.235603049322));
#441= IFCCARTESIANPOINT((-14.2643965155714,3.94002161994732,-112.282768286558));
#443= IFCCARTESIANPOINT((-14.6551772218668,31.0819754271907,-112.318895021466));
#445= IFCCARTESIANPOINT((-2.92893218813245,32.4999999999962,-93.5710678118221));
#447= IFCCARTESIANPOINT((-2.92893218813259,2.49999999998664,-93.5710678118221));
#449= IFCCARTESIANPOINT((-12.9289321881329,2.49999999998668,-103.571067811825));
#451= IFCCARTESIANPOINT((-3.68924778617228,15.4426672314632,-117.306759969733));
#453= IFCCARTESIANPOINT((10.8067601924219,15.4426672220546,-102.810751790483));
#455= IFCCARTESIANPOINT((2.00364320256556,16.4222011505514,-113.668495798823));
#457= IFCCARTESIANPOINT((6.93570459321922,16.42220110054,-108.788007895992));
#459= IFCCARTESIANPOINT((-115.,32.4999999999966,-106.499999999962));
#461= IFCCARTESIANPOINT((-115.,31.9888873943325,-110.382285676501));
#463= IFCCARTESIANPOINT((-115.,30.4903810567625,-114.));
#465= IFCCARTESIANPOINT((-115.,28.1066017177934,-117.106601717763));
#467= IFCCARTESIANPOINT((-115.,25.,-119.490381056732));
#469= IFCCARTESIANPOINT((-115.,21.3822856765308,-120.988887394302));
#471= IFCCARTESIANPOINT((-115.,17.4999999999918,-121.499999999966));
#473= IFCCARTESIANPOINT((-115.,13.6177143234527,-120.988887394302));
#475= IFCCARTESIANPOINT((-115.,10.,-119.490381056732));
#477= IFCCARTESIANPOINT((-115.,6.89339828219019,-117.106601717763));
#479= IFCCARTESIANPOINT((-115.,4.50961894322106,-114.));
#481= IFCCARTESIANPOINT((-115.,3.01111260565114,-110.382285676501));
#483= IFCCARTESIANPOINT((-115.,2.499999999987,-106.499999999961));
#485= IFCCARTESIANPOINT((-115.,3.01111260565119,-102.617714323422));
#487= IFCCARTESIANPOINT((-115.,4.50961894322116,-99.));
#489= IFCCARTESIANPOINT((-115.,6.89339828219033,-95.8933982821599));
#491= IFCCARTESIANPOINT((-115.,10.,-93.5096189431908));
#493= IFCCARTESIANPOINT((-115.,13.6177143234529,-92.0111126056209));
#495= IFCCARTESIANPOINT((-115.,17.499999999992,-91.4999999999568));
#497= IFCCARTESIANPOINT((-115.,21.382285676531,-92.011112605621));
#499= IFCCARTESIANPOINT((-115.,25.,-93.509618943191));
#501= IFCCARTESIANPOINT((-115.,28.1066017177935,-95.8933982821601));
#503= IFCCARTESIANPOINT((-115.,30.4903810567626,-99.));
#505= IFCCARTESIANPOINT((-115.,31.9888873943325,-102.617714323423));
#507= IFCPOLYLOOP((#161,#163,#117,#119,#121,#123,#125,#127,#129,#131,#133,#135,#137,#139,#141,#143,#145,#147,#149,#151,#153,#155,#157,#159));
#509= IFCFACEOUTERBOUND(#507,.T.);
#510= IFCFACE((#509));
#512= IFCPOLYLOOP((#119,#117,#165,#297,#167));
#514= IFCFACEOUTERBOUND(#512,.T.);
#515= IFCFACE((#514));
#517= IFCPOLYLOOP((#169,#121,#119,#167));
#519= IFCFACEOUTERBOUND(#517,.T.);
#520= IFCFACE((#519));
#522= IFCPOLYLOOP((#125,#123,#171,#173));
#524= IFCFACEOUTERBOUND(#522,.T.);
#525= IFCFACE((#524));
#527= IFCPOLYLOOP((#169,#171,#123,#121));
#529= IFCFACEOUTERBOUND(#527,.T.);
#530= IFCFACE((#529));
#532= IFCPOLYLOOP((#127,#125,#173,#175));
#534= IFCFACEOUTERBOUND(#532,.T.);
#535= IFCFACE((#534));
#537= IFCPOLYLOOP((#175,#177,#129,#127));
#539= IFCFACEOUTERBOUND(#537,.T.);
#540= IFCFACE((#539));
#542= IFCPOLYLOOP((#133,#131,#179,#181));
#544= IFCFACEOUTERBOUND(#542,.T.);
#545= IFCFACE((#544));
#547= IFCPOLYLOOP((#183,#135,#133,#181));
#549= IFCFACEOUTERBOUND(#547,.T.);
#550= IFCFACE((#549));
#552= IFCPOLYLOOP((#139,#137,#185,#187));
#554= IFCFACEOUTERBOUND(#552,.T.);
#555= IFCFACE((#554));
#557= IFCPOLYLOOP((#183,#185,#137,#135));
#559= IFCFACEOUTERBOUND(#557,.T.);
#560= IFCFACE((#559));
#562= IFCPOLYLOOP((#141,#139,#187,#285,#189));
#564= IFCFACEOUTERBOUND(#562,.T.);
#565= IFCFACE((#564));
#567= IFCPOLYLOOP((#179,#131,#129,#177));
#569= IFCFACEOUTERBOUND(#567,.T.);
#570= IFCFACE((#569));
#572= IFCPOLYLOOP((#191,#143,#141,#189));
#574= IFCFACEOUTERBOUND(#572,.T.);
#575= IFCFACE((#574));
#577= IFCPOLYLOOP((#193,#145,#143,#191));
#579= IFCFACEOUTERBOUND(#577,.T.);
#580= IFCFACE((#579));
#582= IFCPOLYLOOP((#197,#199,#151,#149));
#584= IFCFACEOUTERBOUND(#582,.T.);
#585= IFCFACE((#584));
#587= IFCPOLYLOOP((#195,#197,#149,#147));
#589= IFCFACEOUTERBOUND(#587,.T.);
#590= IFCFACE((#589));
#592= IFCPOLYLOOP((#195,#147,#145,#193));
#594= IFCFACEOUTERBOUND(#592,.T.);
#595= IFCFACE((#594));
#597= IFCPOLYLOOP((#153,#151,#199,#201));
#599= IFCFACEOUTERBOUND(#597,.T.);
#600= IFCFACE((#599));
#602= IFCPOLYLOOP((#157,#155,#203,#205));
#604= IFCFACEOUTERBOUND(#602,.T.);
#605= IFCFACE((#604));
#607= IFCPOLYLOOP((#207,#159,#157,#205));
#609= IFCFACEOUTERBOUND(#607,.T.);
#610= IFCFACE((#609));
#612= IFCPOLYLOOP((#163,#161,#209,#211));
#614= IFCFACEOUTERBOUND(#612,.T.);
#615= IFCFACE((#614));
#617= IFCPOLYLOOP((#207,#209,#161,#159));
#619= IFCFACEOUTERBOUND(#617,.T.);
#620= IFCFACE((#619));
#622= IFCPOLYLOOP((#117,#163,#211,#165));
#624= IFCFACEOUTERBOUND(#622,.T.);
#625= IFCFACE((#624));
#627= IFCPOLYLOOP((#203,#155,#153,#201));
#629= IFCFACEOUTERBOUND(#627,.T.);
#630= IFCFACE((#629));
#632= IFCPOLYLOOP((#265,#275,#301));
#634= IFCFACEOUTERBOUND(#632,.T.);
#635= IFCFACE((#634));
#637= IFCPOLYLOOP((#299,#217,#311));
#639= IFCFACEOUTERBOUND(#637,.T.);
#640= IFCFACE((#639));
#642= IFCPOLYLOOP((#263,#167,#247));
#644= IFCFACEOUTERBOUND(#642,.T.);
#645= IFCFACE((#644));
#647= IFCPOLYLOOP((#257,#261,#235));
#649= IFCFACEOUTERBOUND(#647,.T.);
#650= IFCFACE((#649));
#652= IFCPOLYLOOP((#267,#305,#307));
#654= IFCFACEOUTERBOUND(#652,.T.);
#655= IFCFACE((#654));
#657= IFCPOLYLOOP((#255,#171,#277));
#659= IFCFACEOUTERBOUND(#657,.T.);
#660= IFCFACE((#659));
#662= IFCPOLYLOOP((#265,#221,#223));
#664= IFCFACEOUTERBOUND(#662,.T.);
#665= IFCFACE((#664));
#667= IFCPOLYLOOP((#271,#179,#177));
#669= IFCFACEOUTERBOUND(#667,.T.);
#670= IFCFACE((#669));
#672= IFCPOLYLOOP((#259,#175,#173));
#674= IFCFACEOUTERBOUND(#672,.T.);
#675= IFCFACE((#674));
#677= IFCPOLYLOOP((#237,#257,#235));
#679= IFCFACEOUTERBOUND(#677,.T.);
#680= IFCFACE((#679));
#682= IFCPOLYLOOP((#277,#171,#169));
#684= IFCFACEOUTERBOUND(#682,.T.);
#685= IFCFACE((#684));
#687= IFCPOLYLOOP((#267,#187,#185));
#689= IFCFACEOUTERBOUND(#687,.T.);
#690= IFCFACE((#689));
#692= IFCPOLYLOOP((#263,#311,#277));
#694= IFCFACEOUTERBOUND(#692,.T.);
#695= IFCFACE((#694));
#697= IFCPOLYLOOP((#215,#305,#313));
#699= IFCFACEOUTERBOUND(#697,.T.);
#700= IFCFACE((#699));
#702= IFCPOLYLOOP((#283,#189,#285,#187,#245));
#704= IFCFACEOUTERBOUND(#702,.T.);
#705= IFCFACE((#704));
#707= IFCPOLYLOOP((#253,#279,#257));
#709= IFCFACEOUTERBOUND(#707,.T.);
#710= IFCFACE((#709));
#712= IFCPOLYLOOP((#171,#255,#173));
#714= IFCFACEOUTERBOUND(#712,.T.);
#715= IFCFACE((#714));
#717= IFCPOLYLOOP((#183,#279,#185));
#719= IFCFACEOUTERBOUND(#717,.T.);
#720= IFCFACE((#719));
#722= IFCPOLYLOOP((#181,#257,#183));
#724= IFCFACEOUTERBOUND(#722,.T.);
#725= IFCFACE((#724));
#727= IFCPOLYLOOP((#261,#181,#179));
#729= IFCFACEOUTERBOUND(#727,.T.);
#730= IFCFACE((#729));
#732= IFCPOLYLOOP((#227,#229,#259));
#734= IFCFACEOUTERBOUND(#732,.T.);
#735= IFCFACE((#734));
#737= IFCPOLYLOOP((#265,#301,#303));
#739= IFCFACEOUTERBOUND(#737,.T.);
#740= IFCFACE((#739));
#742= IFCPOLYLOOP((#279,#267,#185));
#744= IFCFACEOUTERBOUND(#742,.T.);
#745= IFCFACE((#744));
#747= IFCPOLYLOOP((#175,#273,#177));
#749= IFCFACEOUTERBOUND(#747,.T.);
#750= IFCFACE((#749));
#752= IFCPOLYLOOP((#229,#231,#273));
#754= IFCFACEOUTERBOUND(#752,.T.);
#755= IFCFACE((#754));
#757= IFCPOLYLOOP((#273,#259,#229));
#759= IFCFACEOUTERBOUND(#757,.T.);
#760= IFCFACE((#759));
#762= IFCPOLYLOOP((#251,#275,#255));
#764= IFCFACEOUTERBOUND(#762,.T.);
#765= IFCFACE((#764));
#767= IFCPOLYLOOP((#263,#169,#167));
#769= IFCFACEOUTERBOUND(#767,.T.);
#770= IFCFACE((#769));
#772= IFCPOLYLOOP((#271,#273,#231));
#774= IFCFACEOUTERBOUND(#772,.T.);
#775= IFCFACE((#774));
#777= IFCPOLYLOOP((#261,#179,#271));
#779= IFCFACEOUTERBOUND(#777,.T.);
#780= IFCFACE((#779));
#782= IFCPOLYLOOP((#221,#249,#287,#219,#289));
#784= IFCFACEOUTERBOUND(#782,.T.);
#785= IFCFACE((#784));
#787= IFCPOLYLOOP((#261,#257,#181));
#789= IFCFACEOUTERBOUND(#787,.T.);
#790= IFCFACE((#789));
#792= IFCPOLYLOOP((#227,#255,#225));
#794= IFCFACEOUTERBOUND(#792,.T.);
#795= IFCFACE((#794));
#797= IFCPOLYLOOP((#269,#239,#241));
#799= IFCFACEOUTERBOUND(#797,.T.);
#800= IFCFACE((#799));
#802= IFCPOLYLOOP((#261,#271,#233));
#804= IFCFACEOUTERBOUND(#802,.T.);
#805= IFCFACE((#804));
#807= IFCPOLYLOOP((#267,#279,#305));
#809= IFCFACEOUTERBOUND(#807,.T.);
#810= IFCFACE((#809));
#812= IFCPOLYLOOP((#291,#243,#241,#293,#213));
#814= IFCFACEOUTERBOUND(#812,.T.);
#815= IFCFACE((#814));
#817= IFCPOLYLOOP((#295,#247,#167,#297,#165));
#819= IFCFACEOUTERBOUND(#817,.T.);
#820= IFCFACE((#819));
#822= IFCPOLYLOOP((#235,#261,#233));
#824= IFCFACEOUTERBOUND(#822,.T.);
#825= IFCFACE((#824));
#827= IFCPOLYLOOP((#271,#231,#233));
#829= IFCFACEOUTERBOUND(#827,.T.);
#830= IFCFACE((#829));
#832= IFCPOLYLOOP((#239,#281,#237));
#834= IFCFACEOUTERBOUND(#832,.T.);
#835= IFCFACE((#834));
#837= IFCPOLYLOOP((#259,#255,#227));
#839= IFCFACEOUTERBOUND(#837,.T.);
#840= IFCFACE((#839));
#842= IFCPOLYLOOP((#309,#215,#313));
#844= IFCFACEOUTERBOUND(#842,.T.);
#845= IFCFACE((#844));
#847= IFCPOLYLOOP((#255,#259,#173));
#849= IFCFACEOUTERBOUND(#847,.T.);
#850= IFCFACE((#849));
#852= IFCPOLYLOOP((#217,#301,#311));
#854= IFCFACEOUTERBOUND(#852,.T.);
#855= IFCFACE((#854));
#857= IFCPOLYLOOP((#269,#241,#243));
#859= IFCFACEOUTERBOUND(#857,.T.);
#860= IFCFACE((#859));
#862= IFCPOLYLOOP((#275,#265,#223));
#864= IFCFACEOUTERBOUND(#862,.T.);
#865= IFCFACE((#864));
#867= IFCPOLYLOOP((#257,#237,#281));
#869= IFCFACEOUTERBOUND(#867,.T.);
#870= IFCFACE((#869));
#872= IFCPOLYLOOP((#271,#177,#273));
#874= IFCFACEOUTERBOUND(#872,.T.);
#875= IFCFACE((#874));
#877= IFCPOLYLOOP((#275,#223,#225));
#879= IFCFACEOUTERBOUND(#877,.T.);
#880= IFCFACE((#879));
#882= IFCPOLYLOOP((#259,#273,#175));
#884= IFCFACEOUTERBOUND(#882,.T.);
#885= IFCFACE((#884));
#887= IFCPOLYLOOP((#269,#313,#281));
#889= IFCFACEOUTERBOUND(#887,.T.);
#890= IFCFACE((#889));
#892= IFCPOLYLOOP((#255,#275,#225));
#894= IFCFACEOUTERBOUND(#892,.T.);
#895= IFCFACE((#894));
#897= IFCPOLYLOOP((#275,#251,#301));
#899= IFCFACEOUTERBOUND(#897,.T.);
#900= IFCFACE((#899));
#902= IFCPOLYLOOP((#263,#277,#169));
#904= IFCFACEOUTERBOUND(#902,.T.);
#905= IFCFACE((#904));
#907= IFCPOLYLOOP((#255,#277,#251));
#909= IFCFACEOUTERBOUND(#907,.T.);
#910= IFCFACE((#909));
#912= IFCPOLYLOOP((#257,#279,#183));
#914= IFCFACEOUTERBOUND(#912,.T.);
#915= IFCFACE((#914));
#917= IFCPOLYLOOP((#279,#253,#305));
#919= IFCFACEOUTERBOUND(#917,.T.);
#920= IFCFACE((#919));
#922= IFCPOLYLOOP((#269,#281,#239));
#924= IFCFACEOUTERBOUND(#922,.T.);
#925= IFCFACE((#924));
#927= IFCPOLYLOOP((#257,#281,#253));
#929= IFCFACEOUTERBOUND(#927,.T.);
#930= IFCFACE((#929));
#932= IFCPOLYLOOP((#245,#187,#267));
#934= IFCFACEOUTERBOUND(#932,.T.);
#935= IFCFACE((#934));
#937= IFCPOLYLOOP((#249,#221,#265));
#939= IFCFACEOUTERBOUND(#937,.T.);
#940= IFCFACE((#939));
#942= IFCPOLYLOOP((#263,#247,#445,#299));
#944= IFCFACEOUTERBOUND(#942,.T.);
#945= IFCFACE((#944));
#947= IFCPOLYLOOP((#311,#301,#251));
#949= IFCFACEOUTERBOUND(#947,.T.);
#950= IFCFACE((#949));
#952= IFCPOLYLOOP((#265,#303,#435,#249));
#954= IFCFACEOUTERBOUND(#952,.T.);
#955= IFCFACE((#954));
#957= IFCPOLYLOOP((#301,#217,#303));
#959= IFCFACEOUTERBOUND(#957,.T.);
#960= IFCFACE((#959));
#962= IFCPOLYLOOP((#269,#243,#449,#309));
#964= IFCFACEOUTERBOUND(#962,.T.);
#965= IFCFACE((#964));
#967= IFCPOLYLOOP((#267,#307,#447,#245));
#969= IFCFACEOUTERBOUND(#967,.T.);
#970= IFCFACE((#969));
#972= IFCPOLYLOOP((#305,#215,#307));
#974= IFCFACEOUTERBOUND(#972,.T.);
#975= IFCFACE((#974));
#977= IFCPOLYLOOP((#313,#305,#253));
#979= IFCFACEOUTERBOUND(#977,.T.);
#980= IFCFACE((#979));
#982= IFCPOLYLOOP((#277,#311,#251));
#984= IFCFACEOUTERBOUND(#982,.T.);
#985= IFCFACE((#984));
#987= IFCPOLYLOOP((#299,#311,#263));
#989= IFCFACEOUTERBOUND(#987,.T.);
#990= IFCFACE((#989));
#992= IFCPOLYLOOP((#281,#313,#253));
#994= IFCFACEOUTERBOUND(#992,.T.);
#995= IFCFACE((#994));
#997= IFCPOLYLOOP((#309,#313,#269));
#999= IFCFACEOUTERBOUND(#997,.T.);
#1000= IFCFACE((#999));
#1002= IFCPOLYLOOP((#199,#361,#201));
#1004= IFCFACEOUTERBOUND(#1002,.T.);
#1005= IFCFACE((#1004));
#1007= IFCPOLYLOOP((#407,#355,#399));
#1009= IFCFACEOUTERBOUND(#1007,.T.);
#1010= IFCFACE((#1009));
#1012= IFCPOLYLOOP((#363,#409,#407));
#1014= IFCFACEOUTERBOUND(#1012,.T.);
#1015= IFCFACE((#1014));
#1017= IFCPOLYLOOP((#365,#197,#195));
#1019= IFCFACEOUTERBOUND(#1017,.T.);
#1020= IFCFACE((#1019));
#1022= IFCPOLYLOOP((#439,#193,#191));
#1024= IFCFACEOUTERBOUND(#1022,.T.);
#1025= IFCFACE((#1024));
#1027= IFCPOLYLOOP((#389,#325,#327));
#1029= IFCFACEOUTERBOUND(#1027,.T.);
#1030= IFCFACE((#1029));
#1032= IFCPOLYLOOP((#365,#195,#401));
#1034= IFCFACEOUTERBOUND(#1032,.T.);
#1035= IFCFACE((#1034));
#1037= IFCPOLYLOOP((#457,#411,#455));
#1039= IFCFACEOUTERBOUND(#1037,.T.);
#1040= IFCFACE((#1039));
#1042= IFCPOLYLOOP((#345,#361,#393));
#1044= IFCFACEOUTERBOUND(#1042,.T.);
#1045= IFCFACE((#1044));
#1047= IFCPOLYLOOP((#359,#389,#391));
#1049= IFCFACEOUTERBOUND(#1047,.T.);
#1050= IFCFACE((#1049));
#1052= IFCPOLYLOOP((#201,#395,#203));
#1054= IFCFACEOUTERBOUND(#1052,.T.);
#1055= IFCFACE((#1054));
#1057= IFCPOLYLOOP((#413,#415,#339));
#1059= IFCFACEOUTERBOUND(#1057,.T.);
#1060= IFCFACE((#1059));
#1062= IFCPOLYLOOP((#421,#369,#205));
#1064= IFCFACEOUTERBOUND(#1062,.T.);
#1065= IFCFACE((#1064));
#1067= IFCPOLYLOOP((#203,#395,#421));
#1069= IFCFACEOUTERBOUND(#1067,.T.);
#1070= IFCFACE((#1069));
#1072= IFCPOLYLOOP((#333,#335,#443));
#1074= IFCFACEOUTERBOUND(#1072,.T.);
#1075= IFCFACE((#1074));
#1077= IFCPOLYLOOP((#393,#361,#199));
#1079= IFCFACEOUTERBOUND(#1077,.T.);
#1080= IFCFACE((#1079));
#1082= IFCPOLYLOOP((#359,#323,#325));
#1084= IFCFACEOUTERBOUND(#1082,.T.);
#1085= IFCFACE((#1084));
#1087= IFCPOLYLOOP((#207,#369,#405));
#1089= IFCFACEOUTERBOUND(#1087,.T.);
#1090= IFCFACE((#1089));
#1092= IFCPOLYLOOP((#197,#393,#199));
#1094= IFCFACEOUTERBOUND(#1092,.T.);
#1095= IFCFACE((#1094));
#1097= IFCPOLYLOOP((#437,#371,#211));
#1099= IFCFACEOUTERBOUND(#1097,.T.);
#1100= IFCFACE((#1099));
#1102= IFCPOLYLOOP((#437,#209,#405));
#1104= IFCFACEOUTERBOUND(#1102,.T.);
#1105= IFCFACE((#1104));
#1107= IFCPOLYLOOP((#411,#345,#413));
#1109= IFCFACEOUTERBOUND(#1107,.T.);
#1110= IFCFACE((#1109));
#1112= IFCPOLYLOOP((#395,#201,#361));
#1114= IFCFACEOUTERBOUND(#1112,.T.);
#1115= IFCFACE((#1114));
#1117= IFCPOLYLOOP((#207,#205,#369));
#1119= IFCFACEOUTERBOUND(#1117,.T.);
#1120= IFCFACE((#1119));
#1122= IFCPOLYLOOP((#353,#439,#375));
#1124= IFCFACEOUTERBOUND(#1122,.T.);
#1125= IFCFACE((#1124));
#1127= IFCPOLYLOOP((#323,#387,#321));
#1129= IFCFACEOUTERBOUND(#1127,.T.);
#1130= IFCFACE((#1129));
#1132= IFCPOLYLOOP((#441,#377,#315));
#1134= IFCFACEOUTERBOUND(#1132,.T.);
#1135= IFCFACE((#1134));
#1137= IFCPOLYLOOP((#359,#325,#389));
#1139= IFCFACEOUTERBOUND(#1137,.T.);
#1140= IFCFACE((#1139));
#1142= IFCPOLYLOOP((#335,#219,#385));
#1144= IFCFACEOUTERBOUND(#1142,.T.);
#1145= IFCFACE((#1144));
#1147= IFCPOLYLOOP((#399,#319,#363));
#1149= IFCFACEOUTERBOUND(#1147,.T.);
#1150= IFCFACE((#1149));
#1152= IFCPOLYLOOP((#323,#359,#387));
#1154= IFCFACEOUTERBOUND(#1152,.T.);
#1155= IFCFACE((#1154));
#1157= IFCPOLYLOOP((#379,#427,#353));
#1159= IFCFACEOUTERBOUND(#1157,.T.);
#1160= IFCFACE((#1159));
#1162= IFCPOLYLOOP((#319,#321,#363));
#1164= IFCFACEOUTERBOUND(#1162,.T.);
#1165= IFCFACE((#1164));
#1167= IFCPOLYLOOP((#375,#191,#189));
#1169= IFCFACEOUTERBOUND(#1167,.T.);
#1170= IFCFACE((#1169));
#1172= IFCPOLYLOOP((#213,#315,#377));
#1174= IFCFACEOUTERBOUND(#1172,.T.);
#1175= IFCFACE((#1174));
#1177= IFCPOLYLOOP((#317,#319,#399));
#1179= IFCFACEOUTERBOUND(#1177,.T.);
#1180= IFCFACE((#1179));
#1182= IFCPOLYLOOP((#353,#375,#379));
#1184= IFCFACEOUTERBOUND(#1182,.T.);
#1185= IFCFACE((#1184));
#1187= IFCPOLYLOOP((#363,#387,#343));
#1189= IFCFACEOUTERBOUND(#1187,.T.);
#1190= IFCFACE((#1189));
#1192= IFCPOLYLOOP((#373,#371,#351));
#1194= IFCFACEOUTERBOUND(#1192,.T.);
#1195= IFCFACE((#1194));
#1197= IFCPOLYLOOP((#385,#217,#373));
#1199= IFCFACEOUTERBOUND(#1197,.T.);
#1200= IFCFACE((#1199));
#1202= IFCPOLYLOOP((#367,#329,#331));
#1204= IFCFACEOUTERBOUND(#1202,.T.);
#1205= IFCFACE((#1204));
#1207= IFCPOLYLOOP((#395,#397,#349));
#1209= IFCFACEOUTERBOUND(#1207,.T.);
#1210= IFCFACE((#1209));
#1212= IFCPOLYLOOP((#403,#417,#367));
#1214= IFCFACEOUTERBOUND(#1212,.T.);
#1215= IFCFACE((#1214));
#1217= IFCPOLYLOOP((#419,#367,#347));
#1219= IFCFACEOUTERBOUND(#1217,.T.);
#1220= IFCFACE((#1219));
#1222= IFCPOLYLOOP((#433,#383,#431));
#1224= IFCFACEOUTERBOUND(#1222,.T.);
#1225= IFCFACE((#1224));
#1227= IFCPOLYLOOP((#403,#367,#331));
#1229= IFCFACEOUTERBOUND(#1227,.T.);
#1230= IFCFACE((#1229));
#1232= IFCPOLYLOOP((#423,#405,#369));
#1234= IFCFACEOUTERBOUND(#1232,.T.);
#1235= IFCFACE((#1234));
#1237= IFCPOLYLOOP((#451,#359,#391));
#1239= IFCFACEOUTERBOUND(#1237,.T.);
#1240= IFCFACE((#1239));
#1242= IFCPOLYLOOP((#419,#347,#389));
#1244= IFCFACEOUTERBOUND(#1242,.T.);
#1245= IFCFACE((#1244));
#1247= IFCPOLYLOOP((#381,#383,#341));
#1249= IFCFACEOUTERBOUND(#1247,.T.);
#1250= IFCFACE((#1249));
#1252= IFCPOLYLOOP((#211,#371,#165));
#1254= IFCFACEOUTERBOUND(#1252,.T.);
#1255= IFCFACE((#1254));
#1257= IFCPOLYLOOP((#317,#441,#315));
#1259= IFCFACEOUTERBOUND(#1257,.T.);
#1260= IFCFACE((#1259));
#1262= IFCPOLYLOOP((#357,#373,#429));
#1264= IFCFACEOUTERBOUND(#1262,.T.);
#1265= IFCFACE((#1264));
#1267= IFCPOLYLOOP((#409,#339,#407));
#1269= IFCFACEOUTERBOUND(#1267,.T.);
#1270= IFCFACE((#1269));
#1272= IFCPOLYLOOP((#195,#193,#401));
#1274= IFCFACEOUTERBOUND(#1272,.T.);
#1275= IFCFACE((#1274));
#1277= IFCPOLYLOOP((#401,#415,#365));
#1279= IFCFACEOUTERBOUND(#1277,.T.);
#1280= IFCFACE((#1279));
#1282= IFCPOLYLOOP((#331,#333,#403));
#1284= IFCFACEOUTERBOUND(#1282,.T.);
#1285= IFCFACE((#1284));
#1287= IFCPOLYLOOP((#425,#347,#367));
#1289= IFCFACEOUTERBOUND(#1287,.T.);
#1290= IFCFACE((#1289));
#1292= IFCPOLYLOOP((#381,#369,#349));
#1294= IFCFACEOUTERBOUND(#1292,.T.);
#1295= IFCFACE((#1294));
#1297= IFCPOLYLOOP((#207,#405,#209));
#1299= IFCFACEOUTERBOUND(#1297,.T.);
#1300= IFCFACE((#1299));
#1302= IFCPOLYLOOP((#351,#429,#373));
#1304= IFCFACEOUTERBOUND(#1302,.T.);
#1305= IFCFACE((#1304));
#1307= IFCPOLYLOOP((#371,#217,#299,#445,#247,#295,#165));
#1309= IFCFACEOUTERBOUND(#1307,.T.);
#1310= IFCFACE((#1309));
#1312= IFCPOLYLOOP((#357,#443,#385));
#1314= IFCFACEOUTERBOUND(#1312,.T.);
#1315= IFCFACE((#1314));
#1317= IFCPOLYLOOP((#217,#371,#373));
#1319= IFCFACEOUTERBOUND(#1317,.T.);
#1320= IFCFACE((#1319));
#1322= IFCPOLYLOOP((#375,#189,#283,#245,#447,#307,#215));
#1324= IFCFACEOUTERBOUND(#1322,.T.);
#1325= IFCFACE((#1324));
#1327= IFCPOLYLOOP((#215,#377,#379));
#1329= IFCFACEOUTERBOUND(#1327,.T.);
#1330= IFCFACE((#1329));
#1332= IFCPOLYLOOP((#355,#427,#379));
#1334= IFCFACEOUTERBOUND(#1332,.T.);
#1335= IFCFACE((#1334));
#1337= IFCPOLYLOOP((#377,#215,#309,#449,#243,#291,#213));
#1339= IFCFACEOUTERBOUND(#1337,.T.);
#1340= IFCFACE((#1339));
#1342= IFCPOLYLOOP((#215,#379,#375));
#1344= IFCFACEOUTERBOUND(#1342,.T.);
#1345= IFCFACE((#1344));
#1347= IFCPOLYLOOP((#377,#355,#379));
#1349= IFCFACEOUTERBOUND(#1347,.T.);
#1350= IFCFACE((#1349));
#1352= IFCPOLYLOOP((#381,#431,#383));
#1354= IFCFACEOUTERBOUND(#1352,.T.);
#1355= IFCFACE((#1354));
#1357= IFCPOLYLOOP((#423,#381,#341));
#1359= IFCFACEOUTERBOUND(#1357,.T.);
#1360= IFCFACE((#1359));
#1362= IFCPOLYLOOP((#381,#349,#431));
#1364= IFCFACEOUTERBOUND(#1362,.T.);
#1365= IFCFACE((#1364));
#1367= IFCPOLYLOOP((#425,#367,#417));
#1369= IFCFACEOUTERBOUND(#1367,.T.);
#1370= IFCFACE((#1369));
#1372= IFCPOLYLOOP((#385,#219,#287,#249,#435,#303,#217));
#1374= IFCFACEOUTERBOUND(#1372,.T.);
#1375= IFCFACE((#1374));
#1377= IFCPOLYLOOP((#373,#357,#385));
#1379= IFCFACEOUTERBOUND(#1377,.T.);
#1380= IFCFACE((#1379));
#1382= IFCPOLYLOOP((#343,#387,#359));
#1384= IFCFACEOUTERBOUND(#1382,.T.);
#1385= IFCFACE((#1384));
#1387= IFCPOLYLOOP((#363,#321,#387));
#1389= IFCFACEOUTERBOUND(#1387,.T.);
#1390= IFCFACE((#1389));
#1392= IFCPOLYLOOP((#419,#389,#327));
#1394= IFCFACEOUTERBOUND(#1392,.T.);
#1395= IFCFACE((#1394));
#1397= IFCPOLYLOOP((#347,#433,#391));
#1399= IFCFACEOUTERBOUND(#1397,.T.);
#1400= IFCFACE((#1399));
#1402= IFCPOLYLOOP((#347,#391,#389));
#1404= IFCFACEOUTERBOUND(#1402,.T.);
#1405= IFCFACE((#1404));
#1407= IFCPOLYLOOP((#455,#411,#451));
#1409= IFCFACEOUTERBOUND(#1407,.T.);
#1410= IFCFACE((#1409));
#1412= IFCPOLYLOOP((#197,#365,#393));
#1414= IFCFACEOUTERBOUND(#1412,.T.);
#1415= IFCFACE((#1414));
#1417= IFCPOLYLOOP((#345,#393,#365));
#1419= IFCFACEOUTERBOUND(#1417,.T.);
#1420= IFCFACE((#1419));
#1422= IFCPOLYLOOP((#397,#395,#361));
#1424= IFCFACEOUTERBOUND(#1422,.T.);
#1425= IFCFACE((#1424));
#1427= IFCPOLYLOOP((#421,#395,#349));
#1429= IFCFACEOUTERBOUND(#1427,.T.);
#1430= IFCFACE((#1429));
#1432= IFCPOLYLOOP((#453,#397,#361));
#1434= IFCFACEOUTERBOUND(#1432,.T.);
#1435= IFCFACE((#1434));
#1437= IFCPOLYLOOP((#397,#337,#431));
#1439= IFCFACEOUTERBOUND(#1437,.T.);
#1440= IFCFACE((#1439));
#1442= IFCPOLYLOOP((#407,#399,#363));
#1444= IFCFACEOUTERBOUND(#1442,.T.);
#1445= IFCFACE((#1444));
#1447= IFCPOLYLOOP((#441,#399,#355));
#1449= IFCFACEOUTERBOUND(#1447,.T.);
#1450= IFCFACE((#1449));
#1452= IFCPOLYLOOP((#439,#401,#193));
#1454= IFCFACEOUTERBOUND(#1452,.T.);
#1455= IFCFACE((#1454));
#1457= IFCPOLYLOOP((#353,#427,#415));
#1459= IFCFACEOUTERBOUND(#1457,.T.);
#1460= IFCFACE((#1459));
#1462= IFCPOLYLOOP((#443,#403,#333));
#1464= IFCFACEOUTERBOUND(#1462,.T.);
#1465= IFCFACE((#1464));
#1467= IFCPOLYLOOP((#417,#357,#341));
#1469= IFCFACEOUTERBOUND(#1467,.T.);
#1470= IFCFACE((#1469));
#1472= IFCPOLYLOOP((#423,#369,#381));
#1474= IFCFACEOUTERBOUND(#1472,.T.);
#1475= IFCFACE((#1474));
#1477= IFCPOLYLOOP((#437,#405,#351));
#1479= IFCFACEOUTERBOUND(#1477,.T.);
#1480= IFCFACE((#1479));
#1482= IFCPOLYLOOP((#409,#363,#343));
#1484= IFCFACEOUTERBOUND(#1482,.T.);
#1485= IFCFACE((#1484));
#1487= IFCPOLYLOOP((#407,#339,#427));
#1489= IFCFACEOUTERBOUND(#1487,.T.);
#1490= IFCFACE((#1489));
#1492= IFCPOLYLOOP((#411,#409,#343));
#1494= IFCFACEOUTERBOUND(#1492,.T.);
#1495= IFCFACE((#1494));
#1497= IFCPOLYLOOP((#413,#339,#409));
#1499= IFCFACEOUTERBOUND(#1497,.T.);
#1500= IFCFACE((#1499));
#1502= IFCPOLYLOOP((#411,#343,#451));
#1504= IFCFACEOUTERBOUND(#1502,.T.);
#1505= IFCFACE((#1504));
#1507= IFCPOLYLOOP((#457,#397,#453));
#1509= IFCFACEOUTERBOUND(#1507,.T.);
#1510= IFCFACE((#1509));
#1512= IFCPOLYLOOP((#411,#413,#409));
#1514= IFCFACEOUTERBOUND(#1512,.T.);
#1515= IFCFACE((#1514));
#1517= IFCPOLYLOOP((#365,#413,#345));
#1519= IFCFACEOUTERBOUND(#1517,.T.);
#1520= IFCFACE((#1519));
#1522= IFCPOLYLOOP((#365,#415,#413));
#1524= IFCFACEOUTERBOUND(#1522,.T.);
#1525= IFCFACE((#1524));
#1527= IFCPOLYLOOP((#353,#415,#401));
#1529= IFCFACEOUTERBOUND(#1527,.T.);
#1530= IFCFACE((#1529));
#1532= IFCPOLYLOOP((#357,#417,#403));
#1534= IFCFACEOUTERBOUND(#1532,.T.);
#1535= IFCFACE((#1534));
#1537= IFCPOLYLOOP((#383,#417,#341));
#1539= IFCFACEOUTERBOUND(#1537,.T.);
#1540= IFCFACE((#1539));
#1542= IFCPOLYLOOP((#327,#329,#419));
#1544= IFCFACEOUTERBOUND(#1542,.T.);
#1545= IFCFACE((#1544));
#1547= IFCPOLYLOOP((#367,#419,#329));
#1549= IFCFACEOUTERBOUND(#1547,.T.);
#1550= IFCFACE((#1549));
#1552= IFCPOLYLOOP((#369,#421,#349));
#1554= IFCFACEOUTERBOUND(#1552,.T.);
#1555= IFCFACE((#1554));
#1557= IFCPOLYLOOP((#205,#203,#421));
#1559= IFCFACEOUTERBOUND(#1557,.T.);
#1560= IFCFACE((#1559));
#1562= IFCPOLYLOOP((#429,#423,#341));
#1564= IFCFACEOUTERBOUND(#1562,.T.);
#1565= IFCFACE((#1564));
#1567= IFCPOLYLOOP((#405,#423,#351));
#1569= IFCFACEOUTERBOUND(#1567,.T.);
#1570= IFCFACE((#1569));
#1572= IFCPOLYLOOP((#417,#383,#425));
#1574= IFCFACEOUTERBOUND(#1572,.T.);
#1575= IFCFACE((#1574));
#1577= IFCPOLYLOOP((#383,#347,#425));
#1579= IFCFACEOUTERBOUND(#1577,.T.);
#1580= IFCFACE((#1579));
#1582= IFCPOLYLOOP((#407,#427,#355));
#1584= IFCFACEOUTERBOUND(#1582,.T.);
#1585= IFCFACE((#1584));
#1587= IFCPOLYLOOP((#427,#339,#415));
#1589= IFCFACEOUTERBOUND(#1587,.T.);
#1590= IFCFACE((#1589));
#1592= IFCPOLYLOOP((#423,#429,#351));
#1594= IFCFACEOUTERBOUND(#1592,.T.);
#1595= IFCFACE((#1594));
#1597= IFCPOLYLOOP((#357,#429,#341));
#1599= IFCFACEOUTERBOUND(#1597,.T.);
#1600= IFCFACE((#1599));
#1602= IFCPOLYLOOP((#397,#431,#349));
#1604= IFCFACEOUTERBOUND(#1602,.T.);
#1605= IFCFACE((#1604));
#1607= IFCPOLYLOOP((#433,#431,#337));
#1609= IFCFACEOUTERBOUND(#1607,.T.);
#1610= IFCFACE((#1609));
#1612= IFCPOLYLOOP((#391,#433,#337));
#1614= IFCFACEOUTERBOUND(#1612,.T.);
#1615= IFCFACE((#1614));
#1617= IFCPOLYLOOP((#347,#383,#433));
#1619= IFCFACEOUTERBOUND(#1617,.T.);
#1620= IFCFACE((#1619));
#1622= IFCPOLYLOOP((#371,#437,#351));
#1624= IFCFACEOUTERBOUND(#1622,.T.);
#1625= IFCFACE((#1624));
#1627= IFCPOLYLOOP((#211,#209,#437));
#1629= IFCFACEOUTERBOUND(#1627,.T.);
#1630= IFCFACE((#1629));
#1632= IFCPOLYLOOP((#375,#439,#191));
#1634= IFCFACEOUTERBOUND(#1632,.T.);
#1635= IFCFACE((#1634));
#1637= IFCPOLYLOOP((#401,#439,#353));
#1639= IFCFACEOUTERBOUND(#1637,.T.);
#1640= IFCFACE((#1639));
#1642= IFCPOLYLOOP((#399,#441,#317));
#1644= IFCFACEOUTERBOUND(#1642,.T.);
#1645= IFCFACE((#1644));
#1647= IFCPOLYLOOP((#377,#441,#355));
#1649= IFCFACEOUTERBOUND(#1647,.T.);
#1650= IFCFACE((#1649));
#1652= IFCPOLYLOOP((#385,#443,#335));
#1654= IFCFACEOUTERBOUND(#1652,.T.);
#1655= IFCFACE((#1654));
#1657= IFCPOLYLOOP((#403,#443,#357));
#1659= IFCFACEOUTERBOUND(#1657,.T.);
#1660= IFCFACE((#1659));
#1662= IFCPOLYLOOP((#391,#337,#455));
#1664= IFCFACEOUTERBOUND(#1662,.T.);
#1665= IFCFACE((#1664));
#1667= IFCPOLYLOOP((#343,#359,#451));
#1669= IFCFACEOUTERBOUND(#1667,.T.);
#1670= IFCFACE((#1669));
#1672= IFCPOLYLOOP((#361,#345,#453));
#1674= IFCFACEOUTERBOUND(#1672,.T.);
#1675= IFCFACE((#1674));
#1677= IFCPOLYLOOP((#411,#453,#345));
#1679= IFCFACEOUTERBOUND(#1677,.T.);
#1680= IFCFACE((#1679));
#1682= IFCPOLYLOOP((#391,#455,#451));
#1684= IFCFACEOUTERBOUND(#1682,.T.);
#1685= IFCFACE((#1684));
#1687= IFCPOLYLOOP((#457,#455,#337));
#1689= IFCFACEOUTERBOUND(#1687,.T.);
#1690= IFCFACE((#1689));
#1692= IFCPOLYLOOP((#397,#457,#337));
#1694= IFCFACEOUTERBOUND(#1692,.T.);
#1695= IFCFACE((#1694));
#1697= IFCPOLYLOOP((#453,#411,#457));
#1699= IFCFACEOUTERBOUND(#1697,.T.);
#1700= IFCFACE((#1699));
#1702= IFCPOLYLOOP((#465,#467,#469,#471,#473,#475,#477,#479,#481,#483,#485,#487,#489,#491,#493,#495,#497,#499,#501,#503,#505,#459,#461,#463));
#1704= IFCFACEOUTERBOUND(#1702,.T.);
#1705= IFCFACE((#1704));
#1707= IFCPOLYLOOP((#221,#289,#219,#459,#505));
#1709= IFCFACEOUTERBOUND(#1707,.T.);
#1710= IFCFACE((#1709));
#1712= IFCPOLYLOOP((#503,#223,#221,#505));
#1714= IFCFACEOUTERBOUND(#1712,.T.);
#1715= IFCFACE((#1714));
#1717= IFCPOLYLOOP((#227,#225,#501,#499));
#1719= IFCFACEOUTERBOUND(#1717,.T.);
#1720= IFCFACE((#1719));
#1722= IFCPOLYLOOP((#503,#501,#225,#223));
#1724= IFCFACEOUTERBOUND(#1722,.T.);
#1725= IFCFACE((#1724));
#1727= IFCPOLYLOOP((#229,#227,#499,#497));
#1729= IFCFACEOUTERBOUND(#1727,.T.);
#1730= IFCFACE((#1729));
#1732= IFCPOLYLOOP((#497,#495,#231,#229));
#1734= IFCFACEOUTERBOUND(#1732,.T.);
#1735= IFCFACE((#1734));
#1737= IFCPOLYLOOP((#235,#233,#493,#491));
#1739= IFCFACEOUTERBOUND(#1737,.T.);
#1740= IFCFACE((#1739));
#1742= IFCPOLYLOOP((#489,#237,#235,#491));
#1744= IFCFACEOUTERBOUND(#1742,.T.);
#1745= IFCFACE((#1744));
#1747= IFCPOLYLOOP((#241,#239,#487,#485));
#1749= IFCFACEOUTERBOUND(#1747,.T.);
#1750= IFCFACE((#1749));
#1752= IFCPOLYLOOP((#489,#487,#239,#237));
#1754= IFCFACEOUTERBOUND(#1752,.T.);
#1755= IFCFACE((#1754));
#1757= IFCPOLYLOOP((#213,#293,#241,#485,#483));
#1759= IFCFACEOUTERBOUND(#1757,.T.);
#1760= IFCFACE((#1759));
#1762= IFCPOLYLOOP((#493,#233,#231,#495));
#1764= IFCFACEOUTERBOUND(#1762,.T.);
#1765= IFCFACE((#1764));
#1767= IFCPOLYLOOP((#481,#479,#317,#315));
#1769= IFCFACEOUTERBOUND(#1767,.T.);
#1770= IFCFACE((#1769));
#1772= IFCPOLYLOOP((#483,#481,#315,#213));
#1774= IFCFACEOUTERBOUND(#1772,.T.);
#1775= IFCFACE((#1774));
#1777= IFCPOLYLOOP((#321,#319,#477,#475));
#1779= IFCFACEOUTERBOUND(#1777,.T.);
#1780= IFCFACE((#1779));
#1782= IFCPOLYLOOP((#477,#319,#317,#479));
#1784= IFCFACEOUTERBOUND(#1782,.T.);
#1785= IFCFACE((#1784));
#1787= IFCPOLYLOOP((#323,#321,#475,#473));
#1789= IFCFACEOUTERBOUND(#1787,.T.);
#1790= IFCFACE((#1789));
#1792= IFCPOLYLOOP((#473,#471,#325,#323));
#1794= IFCFACEOUTERBOUND(#1792,.T.);
#1795= IFCFACE((#1794));
#1797= IFCPOLYLOOP((#329,#327,#469,#467));
#1799= IFCFACEOUTERBOUND(#1797,.T.);
#1800= IFCFACE((#1799));
#1802= IFCPOLYLOOP((#465,#331,#329,#467));
#1804= IFCFACEOUTERBOUND(#1802,.T.);
#1805= IFCFACE((#1804));
#1807= IFCPOLYLOOP((#335,#333,#463,#461));
#1809= IFCFACEOUTERBOUND(#1807,.T.);
#1810= IFCFACE((#1809));
#1812= IFCPOLYLOOP((#465,#463,#333,#331));
#1814= IFCFACEOUTERBOUND(#1812,.T.);
#1815= IFCFACE((#1814));
#1817= IFCPOLYLOOP((#219,#335,#461,#459));
#1819= IFCFACEOUTERBOUND(#1817,.T.);
#1820= IFCFACE((#1819));
#1822= IFCPOLYLOOP((#469,#327,#325,#471));
#1824= IFCFACEOUTERBOUND(#1822,.T.);
#1825= IFCFACE((#1824));
#1827= IFCCARTESIANPOINT((-115.,32.4999999999918,81.4999999999987));
#1829= IFCCARTESIANPOINT((-115.,31.9888873943279,77.617714323461));
#1831= IFCCARTESIANPOINT((-115.,30.4903810567585,74.));
#1833= IFCCARTESIANPOINT((-115.,28.1066017177901,70.8933982822006));
#1835= IFCCARTESIANPOINT((-115.,25.,68.5096189432322));
#1837= IFCCARTESIANPOINT((-115.,21.3822856765298,67.0111126056627));
#1839= IFCCARTESIANPOINT((-115.,17.499999999992,66.4999999999987));
#1841= IFCCARTESIANPOINT((-115.,13.6177143234542,67.0111126056626));
#1843= IFCCARTESIANPOINT((-115.,10.,68.509618943232));
#1845= IFCCARTESIANPOINT((-115.,6.89339828219372,70.8933982822003));
#1847= IFCCARTESIANPOINT((-115.,4.50961894322532,74.));
#1849= IFCCARTESIANPOINT((-115.,3.01111260565583,77.6177143234607));
#1851= IFCCARTESIANPOINT((-115.,2.49999999999181,81.4999999999987));
#1853= IFCCARTESIANPOINT((-115.,3.01111260565578,85.3822856765365));
#1855= IFCCARTESIANPOINT((-115.,4.50961894322522,89.));
#1857= IFCCARTESIANPOINT((-115.,6.89339828219359,92.1066017177969));
#1859= IFCCARTESIANPOINT((-115.,10.,94.4903810567653));
#1861= IFCCARTESIANPOINT((-115.,13.617714323454,95.9888873943347));
#1863= IFCCARTESIANPOINT((-115.,17.4999999999918,96.4999999999987));
#1865= IFCCARTESIANPOINT((-115.,21.3822856765296,95.9888873943347));
#1867= IFCCARTESIANPOINT((-115.,25.,94.4903810567653));
#1869= IFCCARTESIANPOINT((-115.,28.10660171779,92.1066017177969));
#1871= IFCCARTESIANPOINT((-115.,30.4903810567584,89.));
#1873= IFCCARTESIANPOINT((-115.,31.9888873943278,85.3822856765365));
#1875= IFCCARTESIANPOINT((-20.,32.4999999999915,81.5000000000014));
#1877= IFCCARTESIANPOINT((-20.,31.9888873943282,77.6177143234635));
#1879= IFCCARTESIANPOINT((-20.,30.4903810567593,74.));
#1881= IFCCARTESIANPOINT((-20.,28.1066017177911,70.8933982822019));
#1883= IFCCARTESIANPOINT((-20.,25.,68.5096189432328));
#1885= IFCCARTESIANPOINT((-20.,21.3822856765301,67.0111126056629));
#1887= IFCCARTESIANPOINT((-20.,17.4999999999917,66.4999999999987));
#1889= IFCCARTESIANPOINT((-20.,13.6177143234532,67.0111126056628));
#1891= IFCCARTESIANPOINT((-20.,10.,68.5096189432327));
#1893= IFCCARTESIANPOINT((-20.,6.89339828219209,70.8933982822017));
#1895= IFCCARTESIANPOINT((-20.,4.50961894322386,74.));
#1897= IFCCARTESIANPOINT((-20.,3.01111260565486,77.6177143234632));
#1899= IFCCARTESIANPOINT((-20.,2.4999999999915,81.4999999999986));
#1901= IFCCARTESIANPOINT((-20.,3.01111260565614,85.382285676539));
#1903= IFCCARTESIANPOINT((-20.,4.50961894322606,89.));
#1905= IFCCARTESIANPOINT((-20.,6.89339828219461,92.1066017177982));
#1907= IFCCARTESIANPOINT((-20.,10.,94.4903810567659));
#1909= IFCCARTESIANPOINT((-20.,13.6177143234543,95.9888873943349));
#1911= IFCCARTESIANPOINT((-20.,17.4999999999915,96.4999999999987));
#1913= IFCCARTESIANPOINT((-20.,21.3822856765286,95.9888873943349));
#1915= IFCCARTESIANPOINT((-20.,25.,94.4903810567659));
#1917= IFCCARTESIANPOINT((-20.,28.1066017177884,92.1066017177983));
#1919= IFCCARTESIANPOINT((-20.,30.4903810567569,89.));
#1921= IFCCARTESIANPOINT((-20.,31.9888873943268,85.382285676539));
#1923= IFCCARTESIANPOINT((0.,2.49999999999144,61.5000000000056));
#1925= IFCCARTESIANPOINT((-5.85786437626319,2.49999999999146,75.6421356237335));
#1927= IFCCARTESIANPOINT((-5.857864376263,32.4999999999915,75.6421356237336));
#1929= IFCCARTESIANPOINT((0.,32.4999999999914,61.5000000000055));
#1931= IFCCARTESIANPOINT((-3.88228567653544,31.9888873943268,61.5000000000055));
#1933= IFCCARTESIANPOINT((-7.49999999999714,30.490381056757,61.5000000000055));
#1935= IFCCARTESIANPOINT((-10.6066017177947,28.1066017177884,61.5000000000055));
#1937= IFCCARTESIANPOINT((-12.9903810567625,25.,61.5000000000055));
#1939= IFCCARTESIANPOINT((-14.4888873943315,21.3822856765288,61.5000000000055));
#1941= IFCCARTESIANPOINT((-15.,17.4999999999916,61.5000000000055));
#1943= IFCCARTESIANPOINT((-14.4888873943316,13.6177143234545,61.5000000000055));
#1945= IFCCARTESIANPOINT((-12.9903810567627,10.,61.5000000000055));
#1947= IFCCARTESIANPOINT((-10.606601717795,6.89339828219473,61.5000000000055));
#1949= IFCCARTESIANPOINT((-7.49999999999753,4.50961894322614,61.5000000000055));
#1951= IFCCARTESIANPOINT((-3.88228567653585,3.01111260565615,61.5000000000055));
#1953= IFCCARTESIANPOINT((-2.79692428730371,2.49999999999145,68.2523725473559));
#1955= IFCCARTESIANPOINT((-13.2476274784229,2.49999999999148,78.7030757233723));
#1957= IFCCARTESIANPOINT((-13.2476275572769,32.4999999999915,78.7030757560349));
#1959= IFCCARTESIANPOINT((-2.79692457315883,32.4999999999914,68.2523732374685));
#1961= IFCCARTESIANPOINT((-10.7878921784536,30.7811769971744,70.7121089058415));
#1963= IFCCARTESIANPOINT((-10.7878915971291,4.21882296989382,70.7121084131872));
#1965= IFCCARTESIANPOINT((-13.6320284301192,27.6865512310277,67.8448835264194));
#1967= IFCCARTESIANPOINT((-13.6551160568953,7.3134488400697,67.8679710618309));
#1969= IFCCARTESIANPOINT((-15.4717832775689,23.8360187533417,66.0282170825605));
#1971= IFCCARTESIANPOINT((-15.4717830373736,11.1639809399714,66.0282170444749));
#1973= IFCCARTESIANPOINT((-14.1548657501146,31.9461233595806,76.3527350722548));
#1975= IFCCARTESIANPOINT((-5.14726525653273,31.94612338619,67.3451353452767));
#1977= IFCCARTESIANPOINT((-14.1548650513236,3.05387663824144,76.3527348055597));
#1979= IFCCARTESIANPOINT((-5.14726526864287,3.05387665183724,67.3451350044282));
#1981= IFCCARTESIANPOINT((-16.3556448618207,15.3568218845995,65.1443552658317));
#1983= IFCCARTESIANPOINT((-16.3556449289987,19.643177832539,65.1443552752654));
#1985= IFCCARTESIANPOINT((-9.0439843210494,30.0608327823136,65.8848166730094));
#1987= IFCCARTESIANPOINT((-15.6151841591009,30.0608325519042,72.4560156317744));
#1989= IFCCARTESIANPOINT((-15.6151838337154,4.939167425823,72.4560155382731));
#1991= IFCCARTESIANPOINT((-9.04398453350513,4.93916746291697,65.8848161926974));
#1993= IFCCARTESIANPOINT((-16.623813739207,2.49999999999149,80.1015378616868));
#1995= IFCCARTESIANPOINT((-20.,2.79910282332489,79.2280884995391));
#1997= IFCCARTESIANPOINT((-1.39846228657832,32.4999999999914,64.876186618737));
#1999= IFCCARTESIANPOINT((-2.27191154164752,32.2008971712352,61.5000000000055));
#2001= IFCCARTESIANPOINT((-1.39846214364958,2.49999999999144,64.8761862736808));
#2003= IFCCARTESIANPOINT((-2.27191151688433,2.79910282548766,61.5000000000056));
#2005= IFCCARTESIANPOINT((-16.6238137786339,32.4999999999915,80.1015378780181));
#2007= IFCCARTESIANPOINT((-20.,32.2008971678082,79.2280884323174));
#2009= IFCCARTESIANPOINT((-9.55274596676992,32.4999999999915,77.1726056898842));
#2011= IFCCARTESIANPOINT((-7.5153467917901,32.06395645304,72.1492953336042));
#2013= IFCCARTESIANPOINT((-4.32739447471091,32.4999999999914,71.947254430601));
#2015= IFCCARTESIANPOINT((-9.35070456820092,2.9360435439308,73.9846531405095));
#2017= IFCCARTESIANPOINT((-9.55274592734305,2.49999999999147,77.1726056735529));
#2019= IFCCARTESIANPOINT((-4.32739433178345,2.49999999999145,71.9472540855447));
#2021= IFCCARTESIANPOINT((-11.1624972786794,31.7163924808749,73.8855261506629));
#2023= IFCCARTESIANPOINT((-7.61447449605275,3.28360767729972,70.3375028184711));
#2025= IFCCARTESIANPOINT((3.88228567653984,3.0111126056547,61.5000000000055));
#2027= IFCCARTESIANPOINT((7.50000000000254,4.50961894322361,61.5000000000055));
#2029= IFCCARTESIANPOINT((10.6066017178014,6.89339828219176,61.5000000000055));
#2031= IFCCARTESIANPOINT((12.9903810567705,10.,61.5000000000055));
#2033= IFCCARTESIANPOINT((14.4888873943405,13.6177143234528,61.5000000000055));
#2035= IFCCARTESIANPOINT((15.,17.4999999999913,61.5000000000055));
#2037= IFCCARTESIANPOINT((14.4888873943406,21.3822856765298,61.5000000000055));
#2039= IFCCARTESIANPOINT((12.9903810567707,25.,61.5000000000055));
#2041= IFCCARTESIANPOINT((10.6066017178017,28.1066017177909,61.5000000000055));
#2043= IFCCARTESIANPOINT((7.50000000000283,30.4903810567591,61.5000000000055));
#2045= IFCCARTESIANPOINT((3.88228567654016,31.9888873943281,61.5000000000055));
#2047= IFCCARTESIANPOINT((4.6925058992497,19.0425195035553,86.1925062632277));
#2049= IFCCARTESIANPOINT((1.90888696514261,7.28456477122551,83.4088889150169));
#2051= IFCCARTESIANPOINT((2.85582168027953,27.8338129017303,82.2539313451975));
#2053= IFCCARTESIANPOINT((10.0460170042888,12.4750661007744,77.6962562994171));
#2055= IFCCARTESIANPOINT((-3.80374450269992,12.4750660033071,91.5460173972997));
#2057= IFCCARTESIANPOINT((11.0794054696893,22.6290394416471,75.5213217456485));
#2059= IFCCARTESIANPOINT((-5.97867838601944,22.6290394814637,92.5794055131946));
#2061= IFCCARTESIANPOINT((-6.90415652294236,30.5931760348481,85.4756189444461));
#2063= IFCCARTESIANPOINT((-7.24496216758812,4.38255769663649,85.6093589136293));
#2065= IFCCARTESIANPOINT((4.10935773815199,4.38255752754254,74.2550394023448));
#2067= IFCCARTESIANPOINT((4.3401636156205,30.6609701524207,73.6327334974101));
#2069= IFCCARTESIANPOINT((13.5032700831606,15.6906709953668,71.2404483232066));
#2071= IFCCARTESIANPOINT((-10.2595519508005,15.6906709738725,95.0032701601007));
#2073= IFCCARTESIANPOINT((10.8312540846643,8.96581958752,71.2481655556074));
#2075= IFCCARTESIANPOINT((-10.2518350744305,8.96581931998094,92.3312540897428));
#2077= IFCCARTESIANPOINT((11.0517190898968,26.0900812004316,70.3809892093385));
#2079= IFCCARTESIANPOINT((-11.1190108862526,26.0900812207208,92.5517191024925));
#2081= IFCCARTESIANPOINT((-10.969656138318,32.1281161009528,82.9999051618879));
#2083= IFCCARTESIANPOINT((-2.1115584520068,31.6705407759205,78.8480902037478));
#2085= IFCCARTESIANPOINT((-11.0810005450667,2.86785148074244,83.0270449000109));
#2087= IFCCARTESIANPOINT((1.52704460199646,2.86785145329781,70.4189998564586));
#2089= IFCCARTESIANPOINT((-2.33425642092594,3.35191304746639,79.1657449325071));
#2091= IFCCARTESIANPOINT((-1.98051333905184,25.7747141409049,88.5605538844638));
#2093= IFCCARTESIANPOINT((5.58894563204906,24.2706139626565,82.9421427826066));
#2095= IFCCARTESIANPOINT((1.57233093529961,32.1390008782177,70.2278570849509));
#2097= IFCCARTESIANPOINT((13.1308910813639,12.0801890406608,69.0785660130855));
#2099= IFCCARTESIANPOINT((14.0549626663356,19.3433418406763,69.0705896647984));
#2101= IFCCARTESIANPOINT((10.6707539690101,18.494794437215,78.2926856983699));
#2103= IFCCARTESIANPOINT((-12.4214343103113,12.0801889497009,94.6308911191798));
#2105= IFCCARTESIANPOINT((-12.4294105096631,19.3433418473522,95.5549627042698));
#2107= IFCCARTESIANPOINT((-3.20731470022647,18.4947945035592,92.1707541822185));
#2109= IFCCARTESIANPOINT((8.73394383510252,6.10303845991734,69.2178793193995));
#2111= IFCCARTESIANPOINT((-12.282120664651,6.1030383230442,90.2339436651923));
#2113= IFCCARTESIANPOINT((8.75763144930682,28.9060046562084,69.0877857767976));
#2115= IFCCARTESIANPOINT((-12.4122143244606,28.9060046719722,90.2576314569332));
#2117= IFCCARTESIANPOINT((7.04403796606606,7.39148227849345,76.8209260626447));
#2119= IFCCARTESIANPOINT((5.92715793435145,9.98134803816368,81.8822504408688));
#2121= IFCCARTESIANPOINT((4.42722565005531,13.834780653192,85.9272263034686));
#2123= IFCCARTESIANPOINT((-0.287610834901661,9.78711371017449,87.7971103191842));
#2125= IFCCARTESIANPOINT((-4.67345791261844,7.20896812346988,88.3461128536496));
#2127= IFCCARTESIANPOINT((7.62114633019512,27.451244167092,76.060059326767));
#2129= IFCCARTESIANPOINT((13.4450767957474,22.527197586228,68.3156979012147));
#2131= IFCCARTESIANPOINT((-13.1843021934049,22.5271976415942,94.9450767949274));
#2133= IFCCARTESIANPOINT((-3.65623109943129,28.5132989986809,86.8758838328419));
#2135= IFCCARTESIANPOINT((9.29371180348438,25.1286318473537,76.5097594760705));
#2137= IFCCARTESIANPOINT((0.190794351261548,4.95418641507782,81.2184556302398));
#2139= IFCCARTESIANPOINT((-0.0537800887884127,30.0946640348395,81.3596269811869));
#2141= IFCCARTESIANPOINT((0.890766469942202,22.7967192595864,88.3676140227566));
#2143= IFCCARTESIANPOINT((5.51281587731534,21.7030046318265,84.5737060402358));
#2145= IFCCARTESIANPOINT((-2.92893218812911,32.4999999999914,68.5710678118696));
#2147= IFCCARTESIANPOINT((-13.3670024734582,30.6276661082995,87.9376369142065));
#2149= IFCCARTESIANPOINT((-14.2643969506267,3.94002172205662,87.2827686045557));
#2151= IFCCARTESIANPOINT((5.78276828659695,3.94002161994886,67.2356034844334));
#2153= IFCCARTESIANPOINT((5.81889502150612,31.0819754271889,66.8448227781379));
#2155= IFCCARTESIANPOINT((-12.9289321881269,32.4999999999915,78.5710678118675));
#2157= IFCCARTESIANPOINT((-12.9289321881271,2.49999999999148,78.5710678118674));
#2159= IFCCARTESIANPOINT((-2.92893218813064,2.49999999999145,68.5710678118695));
#2161= IFCCARTESIANPOINT((10.8067599697769,15.4426672314615,77.8107522138275));
#2163= IFCCARTESIANPOINT((-3.68924820946883,15.4426672220553,92.3067601924173));
#2165= IFCCARTESIANPOINT((7.16849579886661,16.4222011505504,83.5036432025648));
#2167= IFCCARTESIANPOINT((2.28800789602916,16.4222011005382,88.4357045932235));
#2169= IFCCARTESIANPOINT((0.,32.4999999999914,19.500000000003));
#2171= IFCCARTESIANPOINT((3.88228567653998,31.9888873943274,19.500000000003));
#2173= IFCCARTESIANPOINT((7.50000000000215,30.4903810567579,19.500000000003));
#2175= IFCCARTESIANPOINT((10.6066017178003,28.1066017177895,19.500000000003));
#2177= IFCCARTESIANPOINT((12.9903810567687,25.,19.500000000003));
#2179= IFCCARTESIANPOINT((14.4888873943381,21.3822856765291,19.500000000003));
#2181= IFCCARTESIANPOINT((15.,17.4999999999913,19.500000000003));
#2183= IFCCARTESIANPOINT((14.488887394338,13.6177143234535,19.500000000003));
#2185= IFCCARTESIANPOINT((12.9903810567685,10.,19.500000000003));
#2187= IFCCARTESIANPOINT((10.6066017178001,6.89339828219311,19.500000000003));
#2189= IFCCARTESIANPOINT((7.50000000000186,4.50961894322478,19.500000000003));
#2191= IFCCARTESIANPOINT((3.88228567653966,3.01111260565537,19.500000000003));
#2193= IFCCARTESIANPOINT((0.,2.49999999999143,19.500000000003));
#2195= IFCCARTESIANPOINT((-3.88228567653604,3.01111260565547,19.500000000003));
#2197= IFCCARTESIANPOINT((-7.4999999999982,4.50961894322497,19.500000000003));
#2199= IFCCARTESIANPOINT((-10.6066017177964,6.89339828219338,19.500000000003));
#2201= IFCCARTESIANPOINT((-12.9903810567647,10.,19.500000000003));
#2203= IFCCARTESIANPOINT((-14.4888873943341,13.6177143234538,19.500000000003));
#2205= IFCCARTESIANPOINT((-15.,17.4999999999916,19.500000000003));
#2207= IFCCARTESIANPOINT((-14.488887394334,21.3822856765294,19.500000000003));
#2209= IFCCARTESIANPOINT((-12.9903810567645,25.,19.500000000003));
#2211= IFCCARTESIANPOINT((-10.6066017177961,28.1066017177898,19.500000000003));
#2213= IFCCARTESIANPOINT((-7.49999999999782,30.4903810567581,19.500000000003));
#2215= IFCCARTESIANPOINT((-3.88228567653562,31.9888873943275,19.500000000003));
#2217= IFCPOLYLOOP((#1827,#1829,#1831,#1833,#1835,#1837,#1839,#1841,#1843,#1845,#1847,#1849,#1851,#1853,#1855,#1857,#1859,#1861,#1863,#1865,#1867,#1869,#1871,#1873));
#2219= IFCFACEOUTERBOUND(#2217,.T.);
#2220= IFCFACE((#2219));
#2222= IFCPOLYLOOP((#1829,#1827,#1875,#2007,#1877));
#2224= IFCFACEOUTERBOUND(#2222,.T.);
#2225= IFCFACE((#2224));
#2227= IFCPOLYLOOP((#1879,#1831,#1829,#1877));
#2229= IFCFACEOUTERBOUND(#2227,.T.);
#2230= IFCFACE((#2229));
#2232= IFCPOLYLOOP((#1835,#1833,#1881,#1883));
#2234= IFCFACEOUTERBOUND(#2232,.T.);
#2235= IFCFACE((#2234));
#2237= IFCPOLYLOOP((#1879,#1881,#1833,#1831));
#2239= IFCFACEOUTERBOUND(#2237,.T.);
#2240= IFCFACE((#2239));
#2242= IFCPOLYLOOP((#1837,#1835,#1883,#1885));
#2244= IFCFACEOUTERBOUND(#2242,.T.);
#2245= IFCFACE((#2244));
#2247= IFCPOLYLOOP((#1885,#1887,#1839,#1837));
#2249= IFCFACEOUTERBOUND(#2247,.T.);
#2250= IFCFACE((#2249));
#2252= IFCPOLYLOOP((#1843,#1841,#1889,#1891));
#2254= IFCFACEOUTERBOUND(#2252,.T.);
#2255= IFCFACE((#2254));
#2257= IFCPOLYLOOP((#1893,#1845,#1843,#1891));
#2259= IFCFACEOUTERBOUND(#2257,.T.);
#2260= IFCFACE((#2259));
#2262= IFCPOLYLOOP((#1849,#1847,#1895,#1897));
#2264= IFCFACEOUTERBOUND(#2262,.T.);
#2265= IFCFACE((#2264));
#2267= IFCPOLYLOOP((#1893,#1895,#1847,#1845));
#2269= IFCFACEOUTERBOUND(#2267,.T.);
#2270= IFCFACE((#2269));
#2272= IFCPOLYLOOP((#1851,#1849,#1897,#1995,#1899));
#2274= IFCFACEOUTERBOUND(#2272,.T.);
#2275= IFCFACE((#2274));
#2277= IFCPOLYLOOP((#1889,#1841,#1839,#1887));
#2279= IFCFACEOUTERBOUND(#2277,.T.);
#2280= IFCFACE((#2279));
#2282= IFCPOLYLOOP((#1901,#1903,#1855,#1853));
#2284= IFCFACEOUTERBOUND(#2282,.T.);
#2285= IFCFACE((#2284));
#2287= IFCPOLYLOOP((#1899,#1901,#1853,#1851));
#2289= IFCFACEOUTERBOUND(#2287,.T.);
#2290= IFCFACE((#2289));
#2292= IFCPOLYLOOP((#1859,#1857,#1905,#1907));
#2294= IFCFACEOUTERBOUND(#2292,.T.);
#2295= IFCFACE((#2294));
#2297= IFCPOLYLOOP((#1905,#1857,#1855,#1903));
#2299= IFCFACEOUTERBOUND(#2297,.T.);
#2300= IFCFACE((#2299));
#2302= IFCPOLYLOOP((#1861,#1859,#1907,#1909));
#2304= IFCFACEOUTERBOUND(#2302,.T.);
#2305= IFCFACE((#2304));
#2307= IFCPOLYLOOP((#1909,#1911,#1863,#1861));
#2309= IFCFACEOUTERBOUND(#2307,.T.);
#2310= IFCFACE((#2309));
#2312= IFCPOLYLOOP((#1867,#1865,#1913,#1915));
#2314= IFCFACEOUTERBOUND(#2312,.T.);
#2315= IFCFACE((#2314));
#2317= IFCPOLYLOOP((#1917,#1869,#1867,#1915));
#2319= IFCFACEOUTERBOUND(#2317,.T.);
#2320= IFCFACE((#2319));
#2322= IFCPOLYLOOP((#1873,#1871,#1919,#1921));
#2324= IFCFACEOUTERBOUND(#2322,.T.);
#2325= IFCFACE((#2324));
#2327= IFCPOLYLOOP((#1917,#1919,#1871,#1869));
#2329= IFCFACEOUTERBOUND(#2327,.T.);
#2330= IFCFACE((#2329));
#2332= IFCPOLYLOOP((#1827,#1873,#1921,#1875));
#2334= IFCFACEOUTERBOUND(#2332,.T.);
#2335= IFCFACE((#2334));
#2337= IFCPOLYLOOP((#1913,#1865,#1863,#1911));
#2339= IFCFACEOUTERBOUND(#2337,.T.);
#2340= IFCFACE((#2339));
#2342= IFCPOLYLOOP((#1975,#1985,#2011));
#2344= IFCFACEOUTERBOUND(#2342,.T.);
#2345= IFCFACE((#2344));
#2347= IFCPOLYLOOP((#2009,#1927,#2021));
#2349= IFCFACEOUTERBOUND(#2347,.T.);
#2350= IFCFACE((#2349));
#2352= IFCPOLYLOOP((#1973,#1877,#1957));
#2354= IFCFACEOUTERBOUND(#2352,.T.);
#2355= IFCFACE((#2354));
#2357= IFCPOLYLOOP((#1967,#1971,#1945));
#2359= IFCFACEOUTERBOUND(#2357,.T.);
#2360= IFCFACE((#2359));
#2362= IFCPOLYLOOP((#1977,#2015,#2017));
#2364= IFCFACEOUTERBOUND(#2362,.T.);
#2365= IFCFACE((#2364));
#2367= IFCPOLYLOOP((#1965,#1881,#1987));
#2369= IFCFACEOUTERBOUND(#2367,.T.);
#2370= IFCFACE((#2369));
#2372= IFCPOLYLOOP((#1975,#1931,#1933));
#2374= IFCFACEOUTERBOUND(#2372,.T.);
#2375= IFCFACE((#2374));
#2377= IFCPOLYLOOP((#1981,#1889,#1887));
#2379= IFCFACEOUTERBOUND(#2377,.T.);
#2380= IFCFACE((#2379));
#2382= IFCPOLYLOOP((#1969,#1885,#1883));
#2384= IFCFACEOUTERBOUND(#2382,.T.);
#2385= IFCFACE((#2384));
#2387= IFCPOLYLOOP((#1947,#1967,#1945));
#2389= IFCFACEOUTERBOUND(#2387,.T.);
#2390= IFCFACE((#2389));
#2392= IFCPOLYLOOP((#1987,#1881,#1879));
#2394= IFCFACEOUTERBOUND(#2392,.T.);
#2395= IFCFACE((#2394));
#2397= IFCPOLYLOOP((#1977,#1897,#1895));
#2399= IFCFACEOUTERBOUND(#2397,.T.);
#2400= IFCFACE((#2399));
#2402= IFCPOLYLOOP((#1973,#2021,#1987));
#2404= IFCFACEOUTERBOUND(#2402,.T.);
#2405= IFCFACE((#2404));
#2407= IFCPOLYLOOP((#1925,#2015,#2023));
#2409= IFCFACEOUTERBOUND(#2407,.T.);
#2410= IFCFACE((#2409));
#2412= IFCPOLYLOOP((#1993,#1899,#1995,#1897,#1955));
#2414= IFCFACEOUTERBOUND(#2412,.T.);
#2415= IFCFACE((#2414));
#2417= IFCPOLYLOOP((#1963,#1989,#1967));
#2419= IFCFACEOUTERBOUND(#2417,.T.);
#2420= IFCFACE((#2419));
#2422= IFCPOLYLOOP((#1881,#1965,#1883));
#2424= IFCFACEOUTERBOUND(#2422,.T.);
#2425= IFCFACE((#2424));
#2427= IFCPOLYLOOP((#1893,#1989,#1895));
#2429= IFCFACEOUTERBOUND(#2427,.T.);
#2430= IFCFACE((#2429));
#2432= IFCPOLYLOOP((#1891,#1967,#1893));
#2434= IFCFACEOUTERBOUND(#2432,.T.);
#2435= IFCFACE((#2434));
#2437= IFCPOLYLOOP((#1971,#1891,#1889));
#2439= IFCFACEOUTERBOUND(#2437,.T.);
#2440= IFCFACE((#2439));
#2442= IFCPOLYLOOP((#1937,#1939,#1969));
#2444= IFCFACEOUTERBOUND(#2442,.T.);
#2445= IFCFACE((#2444));
#2447= IFCPOLYLOOP((#1975,#2011,#2013));
#2449= IFCFACEOUTERBOUND(#2447,.T.);
#2450= IFCFACE((#2449));
#2452= IFCPOLYLOOP((#1989,#1977,#1895));
#2454= IFCFACEOUTERBOUND(#2452,.T.);
#2455= IFCFACE((#2454));
#2457= IFCPOLYLOOP((#1885,#1983,#1887));
#2459= IFCFACEOUTERBOUND(#2457,.T.);
#2460= IFCFACE((#2459));
#2462= IFCPOLYLOOP((#1939,#1941,#1983));
#2464= IFCFACEOUTERBOUND(#2462,.T.);
#2465= IFCFACE((#2464));
#2467= IFCPOLYLOOP((#1983,#1969,#1939));
#2469= IFCFACEOUTERBOUND(#2467,.T.);
#2470= IFCFACE((#2469));
#2472= IFCPOLYLOOP((#1961,#1985,#1965));
#2474= IFCFACEOUTERBOUND(#2472,.T.);
#2475= IFCFACE((#2474));
#2477= IFCPOLYLOOP((#1973,#1879,#1877));
#2479= IFCFACEOUTERBOUND(#2477,.T.);
#2480= IFCFACE((#2479));
#2482= IFCPOLYLOOP((#1981,#1983,#1941));
#2484= IFCFACEOUTERBOUND(#2482,.T.);
#2485= IFCFACE((#2484));
#2487= IFCPOLYLOOP((#1971,#1889,#1981));
#2489= IFCFACEOUTERBOUND(#2487,.T.);
#2490= IFCFACE((#2489));
#2492= IFCPOLYLOOP((#1931,#1959,#1997,#1929,#1999));
#2494= IFCFACEOUTERBOUND(#2492,.T.);
#2495= IFCFACE((#2494));
#2497= IFCPOLYLOOP((#1971,#1967,#1891));
#2499= IFCFACEOUTERBOUND(#2497,.T.);
#2500= IFCFACE((#2499));
#2502= IFCPOLYLOOP((#1937,#1965,#1935));
#2504= IFCFACEOUTERBOUND(#2502,.T.);
#2505= IFCFACE((#2504));
#2507= IFCPOLYLOOP((#1979,#1949,#1951));
#2509= IFCFACEOUTERBOUND(#2507,.T.);
#2510= IFCFACE((#2509));
#2512= IFCPOLYLOOP((#1971,#1981,#1943));
#2514= IFCFACEOUTERBOUND(#2512,.T.);
#2515= IFCFACE((#2514));
#2517= IFCPOLYLOOP((#1977,#1989,#2015));
#2519= IFCFACEOUTERBOUND(#2517,.T.);
#2520= IFCFACE((#2519));
#2522= IFCPOLYLOOP((#2001,#1953,#1951,#2003,#1923));
#2524= IFCFACEOUTERBOUND(#2522,.T.);
#2525= IFCFACE((#2524));
#2527= IFCPOLYLOOP((#2005,#1957,#1877,#2007,#1875));
#2529= IFCFACEOUTERBOUND(#2527,.T.);
#2530= IFCFACE((#2529));
#2532= IFCPOLYLOOP((#1945,#1971,#1943));
#2534= IFCFACEOUTERBOUND(#2532,.T.);
#2535= IFCFACE((#2534));
#2537= IFCPOLYLOOP((#1981,#1941,#1943));
#2539= IFCFACEOUTERBOUND(#2537,.T.);
#2540= IFCFACE((#2539));
#2542= IFCPOLYLOOP((#1949,#1991,#1947));
#2544= IFCFACEOUTERBOUND(#2542,.T.);
#2545= IFCFACE((#2544));
#2547= IFCPOLYLOOP((#1969,#1965,#1937));
#2549= IFCFACEOUTERBOUND(#2547,.T.);
#2550= IFCFACE((#2549));
#2552= IFCPOLYLOOP((#2019,#1925,#2023));
#2554= IFCFACEOUTERBOUND(#2552,.T.);
#2555= IFCFACE((#2554));
#2557= IFCPOLYLOOP((#1965,#1969,#1883));
#2559= IFCFACEOUTERBOUND(#2557,.T.);
#2560= IFCFACE((#2559));
#2562= IFCPOLYLOOP((#1927,#2011,#2021));
#2564= IFCFACEOUTERBOUND(#2562,.T.);
#2565= IFCFACE((#2564));
#2567= IFCPOLYLOOP((#1979,#1951,#1953));
#2569= IFCFACEOUTERBOUND(#2567,.T.);
#2570= IFCFACE((#2569));
#2572= IFCPOLYLOOP((#1985,#1975,#1933));
#2574= IFCFACEOUTERBOUND(#2572,.T.);
#2575= IFCFACE((#2574));
#2577= IFCPOLYLOOP((#1967,#1947,#1991));
#2579= IFCFACEOUTERBOUND(#2577,.T.);
#2580= IFCFACE((#2579));
#2582= IFCPOLYLOOP((#1981,#1887,#1983));
#2584= IFCFACEOUTERBOUND(#2582,.T.);
#2585= IFCFACE((#2584));
#2587= IFCPOLYLOOP((#1985,#1933,#1935));
#2589= IFCFACEOUTERBOUND(#2587,.T.);
#2590= IFCFACE((#2589));
#2592= IFCPOLYLOOP((#1969,#1983,#1885));
#2594= IFCFACEOUTERBOUND(#2592,.T.);
#2595= IFCFACE((#2594));
#2597= IFCPOLYLOOP((#1979,#2023,#1991));
#2599= IFCFACEOUTERBOUND(#2597,.T.);
#2600= IFCFACE((#2599));
#2602= IFCPOLYLOOP((#1965,#1985,#1935));
#2604= IFCFACEOUTERBOUND(#2602,.T.);
#2605= IFCFACE((#2604));
#2607= IFCPOLYLOOP((#1985,#1961,#2011));
#2609= IFCFACEOUTERBOUND(#2607,.T.);
#2610= IFCFACE((#2609));
#2612= IFCPOLYLOOP((#1973,#1987,#1879));
#2614= IFCFACEOUTERBOUND(#2612,.T.);
#2615= IFCFACE((#2614));
#2617= IFCPOLYLOOP((#1965,#1987,#1961));
#2619= IFCFACEOUTERBOUND(#2617,.T.);
#2620= IFCFACE((#2619));
#2622= IFCPOLYLOOP((#1967,#1989,#1893));
#2624= IFCFACEOUTERBOUND(#2622,.T.);
#2625= IFCFACE((#2624));
#2627= IFCPOLYLOOP((#1989,#1963,#2015));
#2629= IFCFACEOUTERBOUND(#2627,.T.);
#2630= IFCFACE((#2629));
#2632= IFCPOLYLOOP((#1979,#1991,#1949));
#2634= IFCFACEOUTERBOUND(#2632,.T.);
#2635= IFCFACE((#2634));
#2637= IFCPOLYLOOP((#1967,#1991,#1963));
#2639= IFCFACEOUTERBOUND(#2637,.T.);
#2640= IFCFACE((#2639));
#2642= IFCPOLYLOOP((#1955,#1897,#1977));
#2644= IFCFACEOUTERBOUND(#2642,.T.);
#2645= IFCFACE((#2644));
#2647= IFCPOLYLOOP((#1959,#1931,#1975));
#2649= IFCFACEOUTERBOUND(#2647,.T.);
#2650= IFCFACE((#2649));
#2652= IFCPOLYLOOP((#1973,#1957,#2155,#2009));
#2654= IFCFACEOUTERBOUND(#2652,.T.);
#2655= IFCFACE((#2654));
#2657= IFCPOLYLOOP((#2021,#2011,#1961));
#2659= IFCFACEOUTERBOUND(#2657,.T.);
#2660= IFCFACE((#2659));
#2662= IFCPOLYLOOP((#1975,#2013,#2145,#1959));
#2664= IFCFACEOUTERBOUND(#2662,.T.);
#2665= IFCFACE((#2664));
#2667= IFCPOLYLOOP((#2011,#1927,#2013));
#2669= IFCFACEOUTERBOUND(#2667,.T.);
#2670= IFCFACE((#2669));
#2672= IFCPOLYLOOP((#1979,#1953,#2159,#2019));
#2674= IFCFACEOUTERBOUND(#2672,.T.);
#2675= IFCFACE((#2674));
#2677= IFCPOLYLOOP((#1977,#2017,#2157,#1955));
#2679= IFCFACEOUTERBOUND(#2677,.T.);
#2680= IFCFACE((#2679));
#2682= IFCPOLYLOOP((#2015,#1925,#2017));
#2684= IFCFACEOUTERBOUND(#2682,.T.);
#2685= IFCFACE((#2684));
#2687= IFCPOLYLOOP((#2023,#2015,#1963));
#2689= IFCFACEOUTERBOUND(#2687,.T.);
#2690= IFCFACE((#2689));
#2692= IFCPOLYLOOP((#1987,#2021,#1961));
#2694= IFCFACEOUTERBOUND(#2692,.T.);
#2695= IFCFACE((#2694));
#2697= IFCPOLYLOOP((#2009,#2021,#1973));
#2699= IFCFACEOUTERBOUND(#2697,.T.);
#2700= IFCFACE((#2699));
#2702= IFCPOLYLOOP((#1991,#2023,#1963));
#2704= IFCFACEOUTERBOUND(#2702,.T.);
#2705= IFCFACE((#2704));
#2707= IFCPOLYLOOP((#2019,#2023,#1979));
#2709= IFCFACEOUTERBOUND(#2707,.T.);
#2710= IFCFACE((#2709));
#2712= IFCPOLYLOOP((#1909,#2071,#1911));
#2714= IFCFACEOUTERBOUND(#2712,.T.);
#2715= IFCFACE((#2714));
#2717= IFCPOLYLOOP((#2117,#2065,#2109));
#2719= IFCFACEOUTERBOUND(#2717,.T.);
#2720= IFCFACE((#2719));
#2722= IFCPOLYLOOP((#2073,#2119,#2117));
#2724= IFCFACEOUTERBOUND(#2722,.T.);
#2725= IFCFACE((#2724));
#2727= IFCPOLYLOOP((#2075,#1907,#1905));
#2729= IFCFACEOUTERBOUND(#2727,.T.);
#2730= IFCFACE((#2729));
#2732= IFCPOLYLOOP((#2149,#1903,#1901));
#2734= IFCFACEOUTERBOUND(#2732,.T.);
#2735= IFCFACE((#2734));
#2737= IFCPOLYLOOP((#2099,#2035,#2037));
#2739= IFCFACEOUTERBOUND(#2737,.T.);
#2740= IFCFACE((#2739));
#2742= IFCPOLYLOOP((#2075,#1905,#2111));
#2744= IFCFACEOUTERBOUND(#2742,.T.);
#2745= IFCFACE((#2744));
#2747= IFCPOLYLOOP((#2167,#2121,#2165));
#2749= IFCFACEOUTERBOUND(#2747,.T.);
#2750= IFCFACE((#2749));
#2752= IFCPOLYLOOP((#2055,#2071,#2103));
#2754= IFCFACEOUTERBOUND(#2752,.T.);
#2755= IFCFACE((#2754));
#2757= IFCPOLYLOOP((#2069,#2099,#2101));
#2759= IFCFACEOUTERBOUND(#2757,.T.);
#2760= IFCFACE((#2759));
#2762= IFCPOLYLOOP((#1911,#2105,#1913));
#2764= IFCFACEOUTERBOUND(#2762,.T.);
#2765= IFCFACE((#2764));
#2767= IFCPOLYLOOP((#2123,#2125,#2049));
#2769= IFCFACEOUTERBOUND(#2767,.T.);
#2770= IFCFACE((#2769));
#2772= IFCPOLYLOOP((#2131,#2079,#1915));
#2774= IFCFACEOUTERBOUND(#2772,.T.);
#2775= IFCFACE((#2774));
#2777= IFCPOLYLOOP((#1913,#2105,#2131));
#2779= IFCFACEOUTERBOUND(#2777,.T.);
#2780= IFCFACE((#2779));
#2782= IFCPOLYLOOP((#2043,#2045,#2153));
#2784= IFCFACEOUTERBOUND(#2782,.T.);
#2785= IFCFACE((#2784));
#2787= IFCPOLYLOOP((#2103,#2071,#1909));
#2789= IFCFACEOUTERBOUND(#2787,.T.);
#2790= IFCFACE((#2789));
#2792= IFCPOLYLOOP((#2069,#2033,#2035));
#2794= IFCFACEOUTERBOUND(#2792,.T.);
#2795= IFCFACE((#2794));
#2797= IFCPOLYLOOP((#1917,#2079,#2115));
#2799= IFCFACEOUTERBOUND(#2797,.T.);
#2800= IFCFACE((#2799));
#2802= IFCPOLYLOOP((#1907,#2103,#1909));
#2804= IFCFACEOUTERBOUND(#2802,.T.);
#2805= IFCFACE((#2804));
#2807= IFCPOLYLOOP((#2147,#2081,#1921));
#2809= IFCFACEOUTERBOUND(#2807,.T.);
#2810= IFCFACE((#2809));
#2812= IFCPOLYLOOP((#2147,#1919,#2115));
#2814= IFCFACEOUTERBOUND(#2812,.T.);
#2815= IFCFACE((#2814));
#2817= IFCPOLYLOOP((#2121,#2055,#2123));
#2819= IFCFACEOUTERBOUND(#2817,.T.);
#2820= IFCFACE((#2819));
#2822= IFCPOLYLOOP((#2105,#1911,#2071));
#2824= IFCFACEOUTERBOUND(#2822,.T.);
#2825= IFCFACE((#2824));
#2827= IFCPOLYLOOP((#1917,#1915,#2079));
#2829= IFCFACEOUTERBOUND(#2827,.T.);
#2830= IFCFACE((#2829));
#2832= IFCPOLYLOOP((#2063,#2149,#2085));
#2834= IFCFACEOUTERBOUND(#2832,.T.);
#2835= IFCFACE((#2834));
#2837= IFCPOLYLOOP((#2033,#2097,#2031));
#2839= IFCFACEOUTERBOUND(#2837,.T.);
#2840= IFCFACE((#2839));
#2842= IFCPOLYLOOP((#2151,#2087,#2025));
#2844= IFCFACEOUTERBOUND(#2842,.T.);
#2845= IFCFACE((#2844));
#2847= IFCPOLYLOOP((#2069,#2035,#2099));
#2849= IFCFACEOUTERBOUND(#2847,.T.);
#2850= IFCFACE((#2849));
#2852= IFCPOLYLOOP((#2045,#1929,#2095));
#2854= IFCFACEOUTERBOUND(#2852,.T.);
#2855= IFCFACE((#2854));
#2857= IFCPOLYLOOP((#2109,#2029,#2073));
#2859= IFCFACEOUTERBOUND(#2857,.T.);
#2860= IFCFACE((#2859));
#2862= IFCPOLYLOOP((#2033,#2069,#2097));
#2864= IFCFACEOUTERBOUND(#2862,.T.);
#2865= IFCFACE((#2864));
#2867= IFCPOLYLOOP((#2089,#2137,#2063));
#2869= IFCFACEOUTERBOUND(#2867,.T.);
#2870= IFCFACE((#2869));
#2872= IFCPOLYLOOP((#2029,#2031,#2073));
#2874= IFCFACEOUTERBOUND(#2872,.T.);
#2875= IFCFACE((#2874));
#2877= IFCPOLYLOOP((#2085,#1901,#1899));
#2879= IFCFACEOUTERBOUND(#2877,.T.);
#2880= IFCFACE((#2879));
#2882= IFCPOLYLOOP((#1923,#2025,#2087));
#2884= IFCFACEOUTERBOUND(#2882,.T.);
#2885= IFCFACE((#2884));
#2887= IFCPOLYLOOP((#2027,#2029,#2109));
#2889= IFCFACEOUTERBOUND(#2887,.T.);
#2890= IFCFACE((#2889));
#2892= IFCPOLYLOOP((#2063,#2085,#2089));
#2894= IFCFACEOUTERBOUND(#2892,.T.);
#2895= IFCFACE((#2894));
#2897= IFCPOLYLOOP((#2073,#2097,#2053));
#2899= IFCFACEOUTERBOUND(#2897,.T.);
#2900= IFCFACE((#2899));
#2902= IFCPOLYLOOP((#2083,#2081,#2061));
#2904= IFCFACEOUTERBOUND(#2902,.T.);
#2905= IFCFACE((#2904));
#2907= IFCPOLYLOOP((#2095,#1927,#2083));
#2909= IFCFACEOUTERBOUND(#2907,.T.);
#2910= IFCFACE((#2909));
#2912= IFCPOLYLOOP((#2077,#2039,#2041));
#2914= IFCFACEOUTERBOUND(#2912,.T.);
#2915= IFCFACE((#2914));
#2917= IFCPOLYLOOP((#2105,#2107,#2059));
#2919= IFCFACEOUTERBOUND(#2917,.T.);
#2920= IFCFACE((#2919));
#2922= IFCPOLYLOOP((#2113,#2127,#2077));
#2924= IFCFACEOUTERBOUND(#2922,.T.);
#2925= IFCFACE((#2924));
#2927= IFCPOLYLOOP((#2129,#2077,#2057));
#2929= IFCFACEOUTERBOUND(#2927,.T.);
#2930= IFCFACE((#2929));
#2932= IFCPOLYLOOP((#2143,#2093,#2141));
#2934= IFCFACEOUTERBOUND(#2932,.T.);
#2935= IFCFACE((#2934));
#2937= IFCPOLYLOOP((#2113,#2077,#2041));
#2939= IFCFACEOUTERBOUND(#2937,.T.);
#2940= IFCFACE((#2939));
#2942= IFCPOLYLOOP((#2133,#2115,#2079));
#2944= IFCFACEOUTERBOUND(#2942,.T.);
#2945= IFCFACE((#2944));
#2947= IFCPOLYLOOP((#2161,#2069,#2101));
#2949= IFCFACEOUTERBOUND(#2947,.T.);
#2950= IFCFACE((#2949));
#2952= IFCPOLYLOOP((#2129,#2057,#2099));
#2954= IFCFACEOUTERBOUND(#2952,.T.);
#2955= IFCFACE((#2954));
#2957= IFCPOLYLOOP((#2091,#2093,#2051));
#2959= IFCFACEOUTERBOUND(#2957,.T.);
#2960= IFCFACE((#2959));
#2962= IFCPOLYLOOP((#1921,#2081,#1875));
#2964= IFCFACEOUTERBOUND(#2962,.T.);
#2965= IFCFACE((#2964));
#2967= IFCPOLYLOOP((#2027,#2151,#2025));
#2969= IFCFACEOUTERBOUND(#2967,.T.);
#2970= IFCFACE((#2969));
#2972= IFCPOLYLOOP((#2067,#2083,#2139));
#2974= IFCFACEOUTERBOUND(#2972,.T.);
#2975= IFCFACE((#2974));
#2977= IFCPOLYLOOP((#2119,#2049,#2117));
#2979= IFCFACEOUTERBOUND(#2977,.T.);
#2980= IFCFACE((#2979));
#2982= IFCPOLYLOOP((#1905,#1903,#2111));
#2984= IFCFACEOUTERBOUND(#2982,.T.);
#2985= IFCFACE((#2984));
#2987= IFCPOLYLOOP((#2111,#2125,#2075));
#2989= IFCFACEOUTERBOUND(#2987,.T.);
#2990= IFCFACE((#2989));
#2992= IFCPOLYLOOP((#2041,#2043,#2113));
#2994= IFCFACEOUTERBOUND(#2992,.T.);
#2995= IFCFACE((#2994));
#2997= IFCPOLYLOOP((#2135,#2057,#2077));
#2999= IFCFACEOUTERBOUND(#2997,.T.);
#3000= IFCFACE((#2999));
#3002= IFCPOLYLOOP((#2091,#2079,#2059));
#3004= IFCFACEOUTERBOUND(#3002,.T.);
#3005= IFCFACE((#3004));
#3007= IFCPOLYLOOP((#1917,#2115,#1919));
#3009= IFCFACEOUTERBOUND(#3007,.T.);
#3010= IFCFACE((#3009));
#3012= IFCPOLYLOOP((#2061,#2139,#2083));
#3014= IFCFACEOUTERBOUND(#3012,.T.);
#3015= IFCFACE((#3014));
#3017= IFCPOLYLOOP((#2081,#1927,#2009,#2155,#1957,#2005,#1875));
#3019= IFCFACEOUTERBOUND(#3017,.T.);
#3020= IFCFACE((#3019));
#3022= IFCPOLYLOOP((#2067,#2153,#2095));
#3024= IFCFACEOUTERBOUND(#3022,.T.);
#3025= IFCFACE((#3024));
#3027= IFCPOLYLOOP((#1927,#2081,#2083));
#3029= IFCFACEOUTERBOUND(#3027,.T.);
#3030= IFCFACE((#3029));
#3032= IFCPOLYLOOP((#2085,#1899,#1993,#1955,#2157,#2017,#1925));
#3034= IFCFACEOUTERBOUND(#3032,.T.);
#3035= IFCFACE((#3034));
#3037= IFCPOLYLOOP((#1925,#2087,#2089));
#3039= IFCFACEOUTERBOUND(#3037,.T.);
#3040= IFCFACE((#3039));
#3042= IFCPOLYLOOP((#2065,#2137,#2089));
#3044= IFCFACEOUTERBOUND(#3042,.T.);
#3045= IFCFACE((#3044));
#3047= IFCPOLYLOOP((#2087,#1925,#2019,#2159,#1953,#2001,#1923));
#3049= IFCFACEOUTERBOUND(#3047,.T.);
#3050= IFCFACE((#3049));
#3052= IFCPOLYLOOP((#1925,#2089,#2085));
#3054= IFCFACEOUTERBOUND(#3052,.T.);
#3055= IFCFACE((#3054));
#3057= IFCPOLYLOOP((#2087,#2065,#2089));
#3059= IFCFACEOUTERBOUND(#3057,.T.);
#3060= IFCFACE((#3059));
#3062= IFCPOLYLOOP((#2091,#2141,#2093));
#3064= IFCFACEOUTERBOUND(#3062,.T.);
#3065= IFCFACE((#3064));
#3067= IFCPOLYLOOP((#2133,#2091,#2051));
#3069= IFCFACEOUTERBOUND(#3067,.T.);
#3070= IFCFACE((#3069));
#3072= IFCPOLYLOOP((#2091,#2059,#2141));
#3074= IFCFACEOUTERBOUND(#3072,.T.);
#3075= IFCFACE((#3074));
#3077= IFCPOLYLOOP((#2135,#2077,#2127));
#3079= IFCFACEOUTERBOUND(#3077,.T.);
#3080= IFCFACE((#3079));
#3082= IFCPOLYLOOP((#2095,#1929,#1997,#1959,#2145,#2013,#1927));
#3084= IFCFACEOUTERBOUND(#3082,.T.);
#3085= IFCFACE((#3084));
#3087= IFCPOLYLOOP((#2083,#2067,#2095));
#3089= IFCFACEOUTERBOUND(#3087,.T.);
#3090= IFCFACE((#3089));
#3092= IFCPOLYLOOP((#2053,#2097,#2069));
#3094= IFCFACEOUTERBOUND(#3092,.T.);
#3095= IFCFACE((#3094));
#3097= IFCPOLYLOOP((#2073,#2031,#2097));
#3099= IFCFACEOUTERBOUND(#3097,.T.);
#3100= IFCFACE((#3099));
#3102= IFCPOLYLOOP((#2129,#2099,#2037));
#3104= IFCFACEOUTERBOUND(#3102,.T.);
#3105= IFCFACE((#3104));
#3107= IFCPOLYLOOP((#2057,#2143,#2101));
#3109= IFCFACEOUTERBOUND(#3107,.T.);
#3110= IFCFACE((#3109));
#3112= IFCPOLYLOOP((#2057,#2101,#2099));
#3114= IFCFACEOUTERBOUND(#3112,.T.);
#3115= IFCFACE((#3114));
#3117= IFCPOLYLOOP((#2165,#2121,#2161));
#3119= IFCFACEOUTERBOUND(#3117,.T.);
#3120= IFCFACE((#3119));
#3122= IFCPOLYLOOP((#1907,#2075,#2103));
#3124= IFCFACEOUTERBOUND(#3122,.T.);
#3125= IFCFACE((#3124));
#3127= IFCPOLYLOOP((#2055,#2103,#2075));
#3129= IFCFACEOUTERBOUND(#3127,.T.);
#3130= IFCFACE((#3129));
#3132= IFCPOLYLOOP((#2107,#2105,#2071));
#3134= IFCFACEOUTERBOUND(#3132,.T.);
#3135= IFCFACE((#3134));
#3137= IFCPOLYLOOP((#2131,#2105,#2059));
#3139= IFCFACEOUTERBOUND(#3137,.T.);
#3140= IFCFACE((#3139));
#3142= IFCPOLYLOOP((#2163,#2107,#2071));
#3144= IFCFACEOUTERBOUND(#3142,.T.);
#3145= IFCFACE((#3144));
#3147= IFCPOLYLOOP((#2107,#2047,#2141));
#3149= IFCFACEOUTERBOUND(#3147,.T.);
#3150= IFCFACE((#3149));
#3152= IFCPOLYLOOP((#2117,#2109,#2073));
#3154= IFCFACEOUTERBOUND(#3152,.T.);
#3155= IFCFACE((#3154));
#3157= IFCPOLYLOOP((#2151,#2109,#2065));
#3159= IFCFACEOUTERBOUND(#3157,.T.);
#3160= IFCFACE((#3159));
#3162= IFCPOLYLOOP((#2149,#2111,#1903));
#3164= IFCFACEOUTERBOUND(#3162,.T.);
#3165= IFCFACE((#3164));
#3167= IFCPOLYLOOP((#2063,#2137,#2125));
#3169= IFCFACEOUTERBOUND(#3167,.T.);
#3170= IFCFACE((#3169));
#3172= IFCPOLYLOOP((#2153,#2113,#2043));
#3174= IFCFACEOUTERBOUND(#3172,.T.);
#3175= IFCFACE((#3174));
#3177= IFCPOLYLOOP((#2127,#2067,#2051));
#3179= IFCFACEOUTERBOUND(#3177,.T.);
#3180= IFCFACE((#3179));
#3182= IFCPOLYLOOP((#2133,#2079,#2091));
#3184= IFCFACEOUTERBOUND(#3182,.T.);
#3185= IFCFACE((#3184));
#3187= IFCPOLYLOOP((#2147,#2115,#2061));
#3189= IFCFACEOUTERBOUND(#3187,.T.);
#3190= IFCFACE((#3189));
#3192= IFCPOLYLOOP((#2119,#2073,#2053));
#3194= IFCFACEOUTERBOUND(#3192,.T.);
#3195= IFCFACE((#3194));
#3197= IFCPOLYLOOP((#2117,#2049,#2137));
#3199= IFCFACEOUTERBOUND(#3197,.T.);
#3200= IFCFACE((#3199));
#3202= IFCPOLYLOOP((#2121,#2119,#2053));
#3204= IFCFACEOUTERBOUND(#3202,.T.);
#3205= IFCFACE((#3204));
#3207= IFCPOLYLOOP((#2123,#2049,#2119));
#3209= IFCFACEOUTERBOUND(#3207,.T.);
#3210= IFCFACE((#3209));
#3212= IFCPOLYLOOP((#2121,#2053,#2161));
#3214= IFCFACEOUTERBOUND(#3212,.T.);
#3215= IFCFACE((#3214));
#3217= IFCPOLYLOOP((#2167,#2107,#2163));
#3219= IFCFACEOUTERBOUND(#3217,.T.);
#3220= IFCFACE((#3219));
#3222= IFCPOLYLOOP((#2121,#2123,#2119));
#3224= IFCFACEOUTERBOUND(#3222,.T.);
#3225= IFCFACE((#3224));
#3227= IFCPOLYLOOP((#2075,#2123,#2055));
#3229= IFCFACEOUTERBOUND(#3227,.T.);
#3230= IFCFACE((#3229));
#3232= IFCPOLYLOOP((#2075,#2125,#2123));
#3234= IFCFACEOUTERBOUND(#3232,.T.);
#3235= IFCFACE((#3234));
#3237= IFCPOLYLOOP((#2063,#2125,#2111));
#3239= IFCFACEOUTERBOUND(#3237,.T.);
#3240= IFCFACE((#3239));
#3242= IFCPOLYLOOP((#2067,#2127,#2113));
#3244= IFCFACEOUTERBOUND(#3242,.T.);
#3245= IFCFACE((#3244));
#3247= IFCPOLYLOOP((#2093,#2127,#2051));
#3249= IFCFACEOUTERBOUND(#3247,.T.);
#3250= IFCFACE((#3249));
#3252= IFCPOLYLOOP((#2037,#2039,#2129));
#3254= IFCFACEOUTERBOUND(#3252,.T.);
#3255= IFCFACE((#3254));
#3257= IFCPOLYLOOP((#2077,#2129,#2039));
#3259= IFCFACEOUTERBOUND(#3257,.T.);
#3260= IFCFACE((#3259));
#3262= IFCPOLYLOOP((#2079,#2131,#2059));
#3264= IFCFACEOUTERBOUND(#3262,.T.);
#3265= IFCFACE((#3264));
#3267= IFCPOLYLOOP((#1915,#1913,#2131));
#3269= IFCFACEOUTERBOUND(#3267,.T.);
#3270= IFCFACE((#3269));
#3272= IFCPOLYLOOP((#2139,#2133,#2051));
#3274= IFCFACEOUTERBOUND(#3272,.T.);
#3275= IFCFACE((#3274));
#3277= IFCPOLYLOOP((#2115,#2133,#2061));
#3279= IFCFACEOUTERBOUND(#3277,.T.);
#3280= IFCFACE((#3279));
#3282= IFCPOLYLOOP((#2127,#2093,#2135));
#3284= IFCFACEOUTERBOUND(#3282,.T.);
#3285= IFCFACE((#3284));
#3287= IFCPOLYLOOP((#2093,#2057,#2135));
#3289= IFCFACEOUTERBOUND(#3287,.T.);
#3290= IFCFACE((#3289));
#3292= IFCPOLYLOOP((#2117,#2137,#2065));
#3294= IFCFACEOUTERBOUND(#3292,.T.);
#3295= IFCFACE((#3294));
#3297= IFCPOLYLOOP((#2137,#2049,#2125));
#3299= IFCFACEOUTERBOUND(#3297,.T.);
#3300= IFCFACE((#3299));
#3302= IFCPOLYLOOP((#2133,#2139,#2061));
#3304= IFCFACEOUTERBOUND(#3302,.T.);
#3305= IFCFACE((#3304));
#3307= IFCPOLYLOOP((#2067,#2139,#2051));
#3309= IFCFACEOUTERBOUND(#3307,.T.);
#3310= IFCFACE((#3309));
#3312= IFCPOLYLOOP((#2107,#2141,#2059));
#3314= IFCFACEOUTERBOUND(#3312,.T.);
#3315= IFCFACE((#3314));
#3317= IFCPOLYLOOP((#2143,#2141,#2047));
#3319= IFCFACEOUTERBOUND(#3317,.T.);
#3320= IFCFACE((#3319));
#3322= IFCPOLYLOOP((#2101,#2143,#2047));
#3324= IFCFACEOUTERBOUND(#3322,.T.);
#3325= IFCFACE((#3324));
#3327= IFCPOLYLOOP((#2057,#2093,#2143));
#3329= IFCFACEOUTERBOUND(#3327,.T.);
#3330= IFCFACE((#3329));
#3332= IFCPOLYLOOP((#2081,#2147,#2061));
#3334= IFCFACEOUTERBOUND(#3332,.T.);
#3335= IFCFACE((#3334));
#3337= IFCPOLYLOOP((#1921,#1919,#2147));
#3339= IFCFACEOUTERBOUND(#3337,.T.);
#3340= IFCFACE((#3339));
#3342= IFCPOLYLOOP((#2085,#2149,#1901));
#3344= IFCFACEOUTERBOUND(#3342,.T.);
#3345= IFCFACE((#3344));
#3347= IFCPOLYLOOP((#2111,#2149,#2063));
#3349= IFCFACEOUTERBOUND(#3347,.T.);
#3350= IFCFACE((#3349));
#3352= IFCPOLYLOOP((#2109,#2151,#2027));
#3354= IFCFACEOUTERBOUND(#3352,.T.);
#3355= IFCFACE((#3354));
#3357= IFCPOLYLOOP((#2087,#2151,#2065));
#3359= IFCFACEOUTERBOUND(#3357,.T.);
#3360= IFCFACE((#3359));
#3362= IFCPOLYLOOP((#2095,#2153,#2045));
#3364= IFCFACEOUTERBOUND(#3362,.T.);
#3365= IFCFACE((#3364));
#3367= IFCPOLYLOOP((#2113,#2153,#2067));
#3369= IFCFACEOUTERBOUND(#3367,.T.);
#3370= IFCFACE((#3369));
#3372= IFCPOLYLOOP((#2101,#2047,#2165));
#3374= IFCFACEOUTERBOUND(#3372,.T.);
#3375= IFCFACE((#3374));
#3377= IFCPOLYLOOP((#2053,#2069,#2161));
#3379= IFCFACEOUTERBOUND(#3377,.T.);
#3380= IFCFACE((#3379));
#3382= IFCPOLYLOOP((#2071,#2055,#2163));
#3384= IFCFACEOUTERBOUND(#3382,.T.);
#3385= IFCFACE((#3384));
#3387= IFCPOLYLOOP((#2121,#2163,#2055));
#3389= IFCFACEOUTERBOUND(#3387,.T.);
#3390= IFCFACE((#3389));
#3392= IFCPOLYLOOP((#2101,#2165,#2161));
#3394= IFCFACEOUTERBOUND(#3392,.T.);
#3395= IFCFACE((#3394));
#3397= IFCPOLYLOOP((#2167,#2165,#2047));
#3399= IFCFACEOUTERBOUND(#3397,.T.);
#3400= IFCFACE((#3399));
#3402= IFCPOLYLOOP((#2107,#2167,#2047));
#3404= IFCFACEOUTERBOUND(#3402,.T.);
#3405= IFCFACE((#3404));
#3407= IFCPOLYLOOP((#2163,#2121,#2167));
#3409= IFCFACEOUTERBOUND(#3407,.T.);
#3410= IFCFACE((#3409));
#3412= IFCPOLYLOOP((#2171,#2173,#2175,#2177,#2179,#2181,#2183,#2185,#2187,#2189,#2191,#2193,#2195,#2197,#2199,#2201,#2203,#2205,#2207,#2209,#2211,#2213,#2215,#2169));
#3414= IFCFACEOUTERBOUND(#3412,.T.);
#3415= IFCFACE((#3414));
#3417= IFCPOLYLOOP((#1931,#1999,#1929,#2169,#2215));
#3419= IFCFACEOUTERBOUND(#3417,.T.);
#3420= IFCFACE((#3419));
#3422= IFCPOLYLOOP((#2213,#1933,#1931,#2215));
#3424= IFCFACEOUTERBOUND(#3422,.T.);
#3425= IFCFACE((#3424));
#3427= IFCPOLYLOOP((#1937,#1935,#2211,#2209));
#3429= IFCFACEOUTERBOUND(#3427,.T.);
#3430= IFCFACE((#3429));
#3432= IFCPOLYLOOP((#2213,#2211,#1935,#1933));
#3434= IFCFACEOUTERBOUND(#3432,.T.);
#3435= IFCFACE((#3434));
#3437= IFCPOLYLOOP((#1939,#1937,#2209,#2207));
#3439= IFCFACEOUTERBOUND(#3437,.T.);
#3440= IFCFACE((#3439));
#3442= IFCPOLYLOOP((#2207,#2205,#1941,#1939));
#3444= IFCFACEOUTERBOUND(#3442,.T.);
#3445= IFCFACE((#3444));
#3447= IFCPOLYLOOP((#1945,#1943,#2203,#2201));
#3449= IFCFACEOUTERBOUND(#3447,.T.);
#3450= IFCFACE((#3449));
#3452= IFCPOLYLOOP((#2199,#1947,#1945,#2201));
#3454= IFCFACEOUTERBOUND(#3452,.T.);
#3455= IFCFACE((#3454));
#3457= IFCPOLYLOOP((#1951,#1949,#2197,#2195));
#3459= IFCFACEOUTERBOUND(#3457,.T.);
#3460= IFCFACE((#3459));
#3462= IFCPOLYLOOP((#2199,#2197,#1949,#1947));
#3464= IFCFACEOUTERBOUND(#3462,.T.);
#3465= IFCFACE((#3464));
#3467= IFCPOLYLOOP((#1923,#2003,#1951,#2195,#2193));
#3469= IFCFACEOUTERBOUND(#3467,.T.);
#3470= IFCFACE((#3469));
#3472= IFCPOLYLOOP((#2203,#1943,#1941,#2205));
#3474= IFCFACEOUTERBOUND(#3472,.T.);
#3475= IFCFACE((#3474));
#3477= IFCPOLYLOOP((#2025,#1923,#2193,#2191));
#3479= IFCFACEOUTERBOUND(#3477,.T.);
#3480= IFCFACE((#3479));
#3482= IFCPOLYLOOP((#2189,#2027,#2025,#2191));
#3484= IFCFACEOUTERBOUND(#3482,.T.);
#3485= IFCFACE((#3484));
#3487= IFCPOLYLOOP((#2031,#2029,#2187,#2185));
#3489= IFCFACEOUTERBOUND(#3487,.T.);
#3490= IFCFACE((#3489));
#3492= IFCPOLYLOOP((#2189,#2187,#2029,#2027));
#3494= IFCFACEOUTERBOUND(#3492,.T.);
#3495= IFCFACE((#3494));
#3497= IFCPOLYLOOP((#2033,#2031,#2185,#2183));
#3499= IFCFACEOUTERBOUND(#3497,.T.);
#3500= IFCFACE((#3499));
#3502= IFCPOLYLOOP((#2183,#2181,#2035,#2033));
#3504= IFCFACEOUTERBOUND(#3502,.T.);
#3505= IFCFACE((#3504));
#3507= IFCPOLYLOOP((#2039,#2037,#2179,#2177));
#3509= IFCFACEOUTERBOUND(#3507,.T.);
#3510= IFCFACE((#3509));
#3512= IFCPOLYLOOP((#2175,#2041,#2039,#2177));
#3514= IFCFACEOUTERBOUND(#3512,.T.);
#3515= IFCFACE((#3514));
#3517= IFCPOLYLOOP((#2045,#2043,#2173,#2171));
#3519= IFCFACEOUTERBOUND(#3517,.T.);
#3520= IFCFACE((#3519));
#3522= IFCPOLYLOOP((#2175,#2173,#2043,#2041));
#3524= IFCFACEOUTERBOUND(#3522,.T.);
#3525= IFCFACE((#3524));
#3527= IFCPOLYLOOP((#1929,#2045,#2171,#2169));
#3529= IFCFACEOUTERBOUND(#3527,.T.);
#3530= IFCFACE((#3529));
#3532= IFCPOLYLOOP((#2179,#2037,#2035,#2181));
#3534= IFCFACEOUTERBOUND(#3532,.T.);
#3535= IFCFACE((#3534));
#3537= IFCCARTESIANPOINT((-21.,132.499999999991,-25.));
#3539= IFCCARTESIANPOINT((-21.,-132.500000000008,-25.));
#3541= IFCCARTESIANPOINT((-20.659258262884,-135.088190451034,-25.));
#3543= IFCCARTESIANPOINT((-19.6602540378377,-137.500000000008,-25.));
#3545= IFCCARTESIANPOINT((-18.0710678118588,-139.571067811874,-25.));
#3547= IFCCARTESIANPOINT((-16.,-141.160254037853,-25.));
#3549= IFCCARTESIANPOINT((-13.5881904510185,-142.159258262899,-25.));
#3551= IFCCARTESIANPOINT((-11.,-142.500000000008,-25.));
#3553= IFCCARTESIANPOINT((11.,-142.500000000008,-25.));
#3555= IFCCARTESIANPOINT((13.5881904510313,-142.159258262899,-25.));
#3557= IFCCARTESIANPOINT((16.,-141.160254037853,-25.));
#3559= IFCCARTESIANPOINT((18.0710678118715,-139.571067811874,-25.));
#3561= IFCCARTESIANPOINT((19.6602540378504,-137.500000000008,-25.));
#3563= IFCCARTESIANPOINT((20.6592582628967,-135.088190451034,-25.));
#3565= IFCCARTESIANPOINT((21.,-132.500000000008,-25.));
#3567= IFCCARTESIANPOINT((21.,132.499999999991,-25.));
#3569= IFCCARTESIANPOINT((20.6592582628968,135.088190451017,-25.));
#3571= IFCCARTESIANPOINT((19.6602540378505,137.499999999991,-25.));
#3573= IFCCARTESIANPOINT((18.0710678118716,139.571067811857,-25.));
#3575= IFCCARTESIANPOINT((16.,141.160254037836,-25.));
#3577= IFCCARTESIANPOINT((13.5881904510313,142.159258262882,-25.));
#3579= IFCCARTESIANPOINT((11.,142.499999999991,-25.));
#3581= IFCCARTESIANPOINT((-11.,142.499999999991,-25.));
#3583= IFCCARTESIANPOINT((-13.5881904510185,142.159258262882,-25.));
#3585= IFCCARTESIANPOINT((-16.,141.160254037836,-25.));
#3587= IFCCARTESIANPOINT((-18.0710678118588,139.571067811857,-25.));
#3589= IFCCARTESIANPOINT((-19.6602540378377,137.499999999992,-25.));
#3591= IFCCARTESIANPOINT((-20.659258262884,135.088190451017,-25.));
#3593= IFCCARTESIANPOINT((-21.,132.499999999992,-44.4999999999664));
#3595= IFCCARTESIANPOINT((-20.659258262884,135.088190451017,-44.4999999999664));
#3597= IFCCARTESIANPOINT((-19.6602540378377,137.499999999992,-44.4999999999664));
#3599= IFCCARTESIANPOINT((-18.0710678118588,139.571067811857,-44.4999999999664));
#3601= IFCCARTESIANPOINT((-16.,141.160254037836,-44.4999999999664));
#3603= IFCCARTESIANPOINT((-13.5881904510185,142.159258262882,-44.4999999999664));
#3605= IFCCARTESIANPOINT((-11.,142.499999999991,-44.4999999999664));
#3607= IFCCARTESIANPOINT((11.,142.499999999991,-44.4999999999664));
#3609= IFCCARTESIANPOINT((13.5881904510313,142.159258262882,-44.4999999999664));
#3611= IFCCARTESIANPOINT((16.,141.160254037836,-44.4999999999664));
#3613= IFCCARTESIANPOINT((18.0710678118716,139.571067811857,-44.4999999999664));
#3615= IFCCARTESIANPOINT((19.6602540378505,137.499999999991,-44.4999999999664));
#3617= IFCCARTESIANPOINT((20.6592582628968,135.088190451017,-44.4999999999664));
#3619= IFCCARTESIANPOINT((21.,132.499999999991,-44.4999999999664));
#3621= IFCCARTESIANPOINT((21.,-132.500000000008,-44.4999999999664));
#3623= IFCCARTESIANPOINT((20.6592582628967,-135.088190451034,-44.4999999999664));
#3625= IFCCARTESIANPOINT((19.6602540378504,-137.500000000008,-44.4999999999664));
#3627= IFCCARTESIANPOINT((18.0710678118715,-139.571067811874,-44.4999999999664));
#3629= IFCCARTESIANPOINT((16.,-141.160254037853,-44.4999999999664));
#3631= IFCCARTESIANPOINT((13.5881904510313,-142.159258262899,-44.4999999999664));
#3633= IFCCARTESIANPOINT((11.,-142.500000000008,-44.4999999999664));
#3635= IFCCARTESIANPOINT((-11.,-142.500000000008,-44.4999999999664));
#3637= IFCCARTESIANPOINT((-13.5881904510185,-142.159258262899,-44.4999999999664));
#3639= IFCCARTESIANPOINT((-16.,-141.160254037853,-44.4999999999664));
#3641= IFCCARTESIANPOINT((-18.0710678118588,-139.571067811874,-44.4999999999664));
#3643= IFCCARTESIANPOINT((-19.6602540378377,-137.500000000008,-44.4999999999664));
#3645= IFCCARTESIANPOINT((-20.659258262884,-135.088190451034,-44.4999999999664));
#3647= IFCCARTESIANPOINT((-21.,-132.500000000009,-44.4999999999664));
#3649= IFCPOLYLOOP((#3537,#3539,#3541,#3543,#3545,#3547,#3549,#3551,#3553,#3555,#3557,#3559,#3561,#3563,#3565,#3567,#3569,#3571,#3573,#3575,#3577,#3579,#3581,#3583,#3585,#3587,#3589,#3591));
#3651= IFCFACEOUTERBOUND(#3649,.T.);
#3652= IFCFACE((#3651));
#3654= IFCPOLYLOOP((#3635,#3637,#3639,#3641,#3643,#3645,#3647,#3593,#3595,#3597,#3599,#3601,#3603,#3605,#3607,#3609,#3611,#3613,#3615,#3617,#3619,#3621,#3623,#3625,#3627,#3629,#3631,#3633));
#3656= IFCFACEOUTERBOUND(#3654,.T.);
#3657= IFCFACE((#3656));
#3659= IFCPOLYLOOP((#3539,#3537,#3593,#3647));
#3661= IFCFACEOUTERBOUND(#3659,.T.);
#3662= IFCFACE((#3661));
#3664= IFCPOLYLOOP((#3541,#3539,#3647,#3645));
#3666= IFCFACEOUTERBOUND(#3664,.T.);
#3667= IFCFACE((#3666));
#3669= IFCPOLYLOOP((#3543,#3541,#3645,#3643));
#3671= IFCFACEOUTERBOUND(#3669,.T.);
#3672= IFCFACE((#3671));
#3674= IFCPOLYLOOP((#3545,#3543,#3643,#3641));
#3676= IFCFACEOUTERBOUND(#3674,.T.);
#3677= IFCFACE((#3676));
#3679= IFCPOLYLOOP((#3547,#3545,#3641,#3639));
#3681= IFCFACEOUTERBOUND(#3679,.T.);
#3682= IFCFACE((#3681));
#3684= IFCPOLYLOOP((#3549,#3547,#3639,#3637));
#3686= IFCFACEOUTERBOUND(#3684,.T.);
#3687= IFCFACE((#3686));
#3689= IFCPOLYLOOP((#3551,#3549,#3637,#3635));
#3691= IFCFACEOUTERBOUND(#3689,.T.);
#3692= IFCFACE((#3691));
#3694= IFCPOLYLOOP((#3553,#3551,#3635,#3633));
#3696= IFCFACEOUTERBOUND(#3694,.T.);
#3697= IFCFACE((#3696));
#3699= IFCPOLYLOOP((#3555,#3553,#3633,#3631));
#3701= IFCFACEOUTERBOUND(#3699,.T.);
#3702= IFCFACE((#3701));
#3704= IFCPOLYLOOP((#3557,#3555,#3631,#3629));
#3706= IFCFACEOUTERBOUND(#3704,.T.);
#3707= IFCFACE((#3706));
#3709= IFCPOLYLOOP((#3559,#3557,#3629,#3627));
#3711= IFCFACEOUTERBOUND(#3709,.T.);
#3712= IFCFACE((#3711));
#3714= IFCPOLYLOOP((#3561,#3559,#3627,#3625));
#3716= IFCFACEOUTERBOUND(#3714,.T.);
#3717= IFCFACE((#3716));
#3719= IFCPOLYLOOP((#3563,#3561,#3625,#3623));
#3721= IFCFACEOUTERBOUND(#3719,.T.);
#3722= IFCFACE((#3721));
#3724= IFCPOLYLOOP((#3565,#3563,#3623,#3621));
#3726= IFCFACEOUTERBOUND(#3724,.T.);
#3727= IFCFACE((#3726));
#3729= IFCPOLYLOOP((#3567,#3565,#3621,#3619));
#3731= IFCFACEOUTERBOUND(#3729,.T.);
#3732= IFCFACE((#3731));
#3734= IFCPOLYLOOP((#3569,#3567,#3619,#3617));
#3736= IFCFACEOUTERBOUND(#3734,.T.);
#3737= IFCFACE((#3736));
#3739= IFCPOLYLOOP((#3571,#3569,#3617,#3615));
#3741= IFCFACEOUTERBOUND(#3739,.T.);
#3742= IFCFACE((#3741));
#3744= IFCPOLYLOOP((#3573,#3571,#3615,#3613));
#3746= IFCFACEOUTERBOUND(#3744,.T.);
#3747= IFCFACE((#3746));
#3749= IFCPOLYLOOP((#3575,#3573,#3613,#3611));
#3751= IFCFACEOUTERBOUND(#3749,.T.);
#3752= IFCFACE((#3751));
#3754= IFCPOLYLOOP((#3577,#3575,#3611,#3609));
#3756= IFCFACEOUTERBOUND(#3754,.T.);
#3757= IFCFACE((#3756));
#3759= IFCPOLYLOOP((#3579,#3577,#3609,#3607));
#3761= IFCFACEOUTERBOUND(#3759,.T.);
#3762= IFCFACE((#3761));
#3764= IFCPOLYLOOP((#3581,#3579,#3607,#3605));
#3766= IFCFACEOUTERBOUND(#3764,.T.);
#3767= IFCFACE((#3766));
#3769= IFCPOLYLOOP((#3583,#3581,#3605,#3603));
#3771= IFCFACEOUTERBOUND(#3769,.T.);
#3772= IFCFACE((#3771));
#3774= IFCPOLYLOOP((#3585,#3583,#3603,#3601));
#3776= IFCFACEOUTERBOUND(#3774,.T.);
#3777= IFCFACE((#3776));
#3779= IFCPOLYLOOP((#3587,#3585,#3601,#3599));
#3781= IFCFACEOUTERBOUND(#3779,.T.);
#3782= IFCFACE((#3781));
#3784= IFCPOLYLOOP((#3589,#3587,#3599,#3597));
#3786= IFCFACEOUTERBOUND(#3784,.T.);
#3787= IFCFACE((#3786));
#3789= IFCPOLYLOOP((#3591,#3589,#3597,#3595));
#3791= IFCFACEOUTERBOUND(#3789,.T.);
#3792= IFCFACE((#3791));
#3794= IFCPOLYLOOP((#3537,#3591,#3595,#3593));
#3796= IFCFACEOUTERBOUND(#3794,.T.);
#3797= IFCFACE((#3796));
#3799= IFCCARTESIANPOINT((11.,142.499999999992,19.4999999999981));
#3801= IFCCARTESIANPOINT((-11.,142.499999999992,19.4999999999981));
#3803= IFCCARTESIANPOINT((-13.5881904510185,142.159258262882,19.4999999999981));
#3805= IFCCARTESIANPOINT((-16.,141.160254037836,19.4999999999981));
#3807= IFCCARTESIANPOINT((-18.0710678118588,139.571067811857,19.4999999999981));
#3809= IFCCARTESIANPOINT((-19.6602540378377,137.499999999992,19.4999999999981));
#3811= IFCCARTESIANPOINT((-20.659258262884,135.088190451017,19.4999999999981));
#3813= IFCCARTESIANPOINT((-21.,132.499999999991,19.4999999999981));
#3815= IFCCARTESIANPOINT((-21.,67.4999999999915,19.4999999999981));
#3817= IFCCARTESIANPOINT((21.,67.4999999999914,19.4999999999981));
#3819= IFCCARTESIANPOINT((21.,132.499999999991,19.4999999999981));
#3821= IFCCARTESIANPOINT((20.6592582628968,135.088190451017,19.4999999999981));
#3823= IFCCARTESIANPOINT((19.6602540378505,137.499999999991,19.4999999999981));
#3825= IFCCARTESIANPOINT((18.0710678118716,139.571067811857,19.4999999999981));
#3827= IFCCARTESIANPOINT((16.,141.160254037836,19.4999999999981));
#3829= IFCCARTESIANPOINT((13.5881904510313,142.159258262882,19.4999999999981));
#3831= IFCCARTESIANPOINT((11.,142.499999999992,0.));
#3833= IFCCARTESIANPOINT((13.5881904510313,142.159258262882,0.));
#3835= IFCCARTESIANPOINT((16.,141.160254037836,0.));
#3837= IFCCARTESIANPOINT((18.0710678118716,139.571067811857,0.));
#3839= IFCCARTESIANPOINT((19.6602540378505,137.499999999991,0.));
#3841= IFCCARTESIANPOINT((20.6592582628968,135.088190451017,0.));
#3843= IFCCARTESIANPOINT((21.,132.499999999992,0.));
#3845= IFCCARTESIANPOINT((21.,67.4999999999914,0.));
#3847= IFCCARTESIANPOINT((-21.,67.4999999999915,0.));
#3849= IFCCARTESIANPOINT((-21.,132.499999999992,0.));
#3851= IFCCARTESIANPOINT((-20.659258262884,135.088190451017,0.));
#3853= IFCCARTESIANPOINT((-19.6602540378377,137.499999999992,0.));
#3855= IFCCARTESIANPOINT((-18.0710678118588,139.571067811857,0.));
#3857= IFCCARTESIANPOINT((-16.,141.160254037836,0.));
#3859= IFCCARTESIANPOINT((-13.5881904510185,142.159258262882,0.));
#3861= IFCCARTESIANPOINT((-11.,142.499999999992,0.));
#3863= IFCPOLYLOOP((#3825,#3827,#3829,#3799,#3801,#3803,#3805,#3807,#3809,#3811,#3813,#3815,#3817,#3819,#3821,#3823));
#3865= IFCFACEOUTERBOUND(#3863,.T.);
#3866= IFCFACE((#3865));
#3868= IFCPOLYLOOP((#3855,#3857,#3859,#3861,#3831,#3833,#3835,#3837,#3839,#3841,#3843,#3845,#3847,#3849,#3851,#3853));
#3870= IFCFACEOUTERBOUND(#3868,.T.);
#3871= IFCFACE((#3870));
#3873= IFCPOLYLOOP((#3801,#3799,#3831,#3861));
#3875= IFCFACEOUTERBOUND(#3873,.T.);
#3876= IFCFACE((#3875));
#3878= IFCPOLYLOOP((#3803,#3801,#3861,#3859));
#3880= IFCFACEOUTERBOUND(#3878,.T.);
#3881= IFCFACE((#3880));
#3883= IFCPOLYLOOP((#3805,#3803,#3859,#3857));
#3885= IFCFACEOUTERBOUND(#3883,.T.);
#3886= IFCFACE((#3885));
#3888= IFCPOLYLOOP((#3807,#3805,#3857,#3855));
#3890= IFCFACEOUTERBOUND(#3888,.T.);
#3891= IFCFACE((#3890));
#3893= IFCPOLYLOOP((#3809,#3807,#3855,#3853));
#3895= IFCFACEOUTERBOUND(#3893,.T.);
#3896= IFCFACE((#3895));
#3898= IFCPOLYLOOP((#3811,#3809,#3853,#3851));
#3900= IFCFACEOUTERBOUND(#3898,.T.);
#3901= IFCFACE((#3900));
#3903= IFCPOLYLOOP((#3813,#3811,#3851,#3849));
#3905= IFCFACEOUTERBOUND(#3903,.T.);
#3906= IFCFACE((#3905));
#3908= IFCPOLYLOOP((#3815,#3813,#3849,#3847));
#3910= IFCFACEOUTERBOUND(#3908,.T.);
#3911= IFCFACE((#3910));
#3913= IFCPOLYLOOP((#3817,#3815,#3847,#3845));
#3915= IFCFACEOUTERBOUND(#3913,.T.);
#3916= IFCFACE((#3915));
#3918= IFCPOLYLOOP((#3819,#3817,#3845,#3843));
#3920= IFCFACEOUTERBOUND(#3918,.T.);
#3921= IFCFACE((#3920));
#3923= IFCPOLYLOOP((#3821,#3819,#3843,#3841));
#3925= IFCFACEOUTERBOUND(#3923,.T.);
#3926= IFCFACE((#3925));
#3928= IFCPOLYLOOP((#3823,#3821,#3841,#3839));
#3930= IFCFACEOUTERBOUND(#3928,.T.);
#3931= IFCFACE((#3930));
#3933= IFCPOLYLOOP((#3825,#3823,#3839,#3837));
#3935= IFCFACEOUTERBOUND(#3933,.T.);
#3936= IFCFACE((#3935));
#3938= IFCPOLYLOOP((#3827,#3825,#3837,#3835));
#3940= IFCFACEOUTERBOUND(#3938,.T.);
#3941= IFCFACE((#3940));
#3943= IFCPOLYLOOP((#3829,#3827,#3835,#3833));
#3945= IFCFACEOUTERBOUND(#3943,.T.);
#3946= IFCFACE((#3945));
#3948= IFCPOLYLOOP((#3799,#3829,#3833,#3831));
#3950= IFCFACEOUTERBOUND(#3948,.T.);
#3951= IFCFACE((#3950));
#3953= IFCCARTESIANPOINT((-21.,67.4999999999915,19.4999999999981));
#3955= IFCCARTESIANPOINT((-21.,-132.500000000008,19.4999999999981));
#3957= IFCCARTESIANPOINT((-20.659258262884,-135.088190451034,19.4999999999981));
#3959= IFCCARTESIANPOINT((-19.6602540378377,-137.500000000008,19.4999999999981));
#3961= IFCCARTESIANPOINT((-18.0710678118588,-139.571067811874,19.4999999999981));
#3963= IFCCARTESIANPOINT((-16.,-141.160254037853,19.4999999999981));
#3965= IFCCARTESIANPOINT((-13.5881904510186,-142.159258262899,19.4999999999981));
#3967= IFCCARTESIANPOINT((-11.,-142.500000000008,19.4999999999981));
#3969= IFCCARTESIANPOINT((11.,-142.500000000008,19.4999999999981));
#3971= IFCCARTESIANPOINT((13.5881904510313,-142.159258262899,19.4999999999981));
#3973= IFCCARTESIANPOINT((16.,-141.160254037853,19.4999999999981));
#3975= IFCCARTESIANPOINT((18.0710678118715,-139.571067811874,19.4999999999981));
#3977= IFCCARTESIANPOINT((19.6602540378504,-137.500000000008,19.4999999999981));
#3979= IFCCARTESIANPOINT((20.6592582628967,-135.088190451034,19.4999999999981));
#3981= IFCCARTESIANPOINT((21.,-132.500000000008,19.4999999999981));
#3983= IFCCARTESIANPOINT((21.,67.4999999999914,19.4999999999981));
#3985= IFCCARTESIANPOINT((-21.,67.4999999999915,0.));
#3987= IFCCARTESIANPOINT((21.,67.4999999999914,0.));
#3989= IFCCARTESIANPOINT((21.,-132.500000000008,0.));
#3991= IFCCARTESIANPOINT((20.6592582628967,-135.088190451034,0.));
#3993= IFCCARTESIANPOINT((19.6602540378504,-137.500000000008,0.));
#3995= IFCCARTESIANPOINT((18.0710678118715,-139.571067811874,0.));
#3997= IFCCARTESIANPOINT((16.,-141.160254037853,0.));
#3999= IFCCARTESIANPOINT((13.5881904510313,-142.159258262899,0.));
#4001= IFCCARTESIANPOINT((11.,-142.500000000008,0.));
#4003= IFCCARTESIANPOINT((-11.,-142.500000000008,0.));
#4005= IFCCARTESIANPOINT((-13.5881904510186,-142.159258262899,0.));
#4007= IFCCARTESIANPOINT((-16.,-141.160254037853,0.));
#4009= IFCCARTESIANPOINT((-18.0710678118588,-139.571067811874,0.));
#4011= IFCCARTESIANPOINT((-19.6602540378377,-137.500000000008,0.));
#4013= IFCCARTESIANPOINT((-20.659258262884,-135.088190451034,0.));
#4015= IFCCARTESIANPOINT((-21.,-132.500000000008,0.));
#4017= IFCPOLYLOOP((#3983,#3953,#3955,#3957,#3959,#3961,#3963,#3965,#3967,#3969,#3971,#3973,#3975,#3977,#3979,#3981));
#4019= IFCFACEOUTERBOUND(#4017,.T.);
#4020= IFCFACE((#4019));
#4022= IFCPOLYLOOP((#4011,#4013,#4015,#3985,#3987,#3989,#3991,#3993,#3995,#3997,#3999,#4001,#4003,#4005,#4007,#4009));
#4024= IFCFACEOUTERBOUND(#4022,.T.);
#4025= IFCFACE((#4024));
#4027= IFCPOLYLOOP((#3955,#3953,#3985,#4015));
#4029= IFCFACEOUTERBOUND(#4027,.T.);
#4030= IFCFACE((#4029));
#4032= IFCPOLYLOOP((#3957,#3955,#4015,#4013));
#4034= IFCFACEOUTERBOUND(#4032,.T.);
#4035= IFCFACE((#4034));
#4037= IFCPOLYLOOP((#3959,#3957,#4013,#4011));
#4039= IFCFACEOUTERBOUND(#4037,.T.);
#4040= IFCFACE((#4039));
#4042= IFCPOLYLOOP((#3961,#3959,#4011,#4009));
#4044= IFCFACEOUTERBOUND(#4042,.T.);
#4045= IFCFACE((#4044));
#4047= IFCPOLYLOOP((#3963,#3961,#4009,#4007));
#4049= IFCFACEOUTERBOUND(#4047,.T.);
#4050= IFCFACE((#4049));
#4052= IFCPOLYLOOP((#3965,#3963,#4007,#4005));
#4054= IFCFACEOUTERBOUND(#4052,.T.);
#4055= IFCFACE((#4054));
#4057= IFCPOLYLOOP((#3967,#3965,#4005,#4003));
#4059= IFCFACEOUTERBOUND(#4057,.T.);
#4060= IFCFACE((#4059));
#4062= IFCPOLYLOOP((#3969,#3967,#4003,#4001));
#4064= IFCFACEOUTERBOUND(#4062,.T.);
#4065= IFCFACE((#4064));
#4067= IFCPOLYLOOP((#3971,#3969,#4001,#3999));
#4069= IFCFACEOUTERBOUND(#4067,.T.);
#4070= IFCFACE((#4069));
#4072= IFCPOLYLOOP((#3973,#3971,#3999,#3997));
#4074= IFCFACEOUTERBOUND(#4072,.T.);
#4075= IFCFACE((#4074));
#4077= IFCPOLYLOOP((#3975,#3973,#3997,#3995));
#4079= IFCFACEOUTERBOUND(#4077,.T.);
#4080= IFCFACE((#4079));
#4082= IFCPOLYLOOP((#3977,#3975,#3995,#3993));
#4084= IFCFACEOUTERBOUND(#4082,.T.);
#4085= IFCFACE((#4084));
#4087= IFCPOLYLOOP((#3979,#3977,#3993,#3991));
#4089= IFCFACEOUTERBOUND(#4087,.T.);
#4090= IFCFACE((#4089));
#4092= IFCPOLYLOOP((#3981,#3979,#3991,#3989));
#4094= IFCFACEOUTERBOUND(#4092,.T.);
#4095= IFCFACE((#4094));
#4097= IFCPOLYLOOP((#3983,#3981,#3989,#3987));
#4099= IFCFACEOUTERBOUND(#4097,.T.);
#4100= IFCFACE((#4099));
#4102= IFCPOLYLOOP((#3953,#3983,#3987,#3985));
#4104= IFCFACEOUTERBOUND(#4102,.T.);
#4105= IFCFACE((#4104));
#4107= IFCCLOSEDSHELL((#510,#515,#520,#525,#530,#535,#540,#545,#550,#555,#560,#565,#570,#575,#580,#585,#590,#595,#600,#605,#610,#615,#620,#625,#630,#635,#640,#645,#650,#655,#660,#665,#670,#675,#680,#685,#690,#695,#700,#705,#710,#715,#720,#725,#730,#735,#740,#745,#750,#755,#760,#765,#770,#775,#780,#785,#790,#795,#800,#805,#810,#815,#820,#825,#830,#835,#840,#845,#850,#855,#860,#865,#870,#875,#880,#885,#890,#895,#900,#905,#910,#915,#920,#925,#930,#935,#940,#945,#950,#955,#960,#965,#970,#975,#980,#985,#990,#995,#1000,#1005,#1010,#1015,#1020,#1025,#1030,#1035,#1040,#1045,#1050,#1055,#1060,#1065,#1070,#1075,#1080,#1085,#1090,#1095,#1100,#1105,#1110,#1115,#1120,#1125,#1130,#1135,#1140,#1145,#1150,#1155,#1160,#1165,#1170,#1175,#1180,#1185,#1190,#1195,#1200,#1205,#1210,#1215,#1220,#1225,#1230,#1235,#1240,#1245,#1250,#1255,#1260,#1265,#1270,#1275,#1280,#1285,#1290,#1295,#1300,#1305,#1310,#1315,#1320,#1325,#1330,#1335,#1340,#1345,#1350,#1355,#1360,#1365,#1370,#1375,#1380,#1385,#1390,#1395,#1400,#1405,#1410,#1415,#1420,#1425,#1430,#1435,#1440,#1445,#1450,#1455,#1460,#1465,#1470,#1475,#1480,#1485,#1490,#1495,#1500,#1505,#1510,#1515,#1520,#1525,#1530,#1535,#1540,#1545,#1550,#1555,#1560,#1565,#1570,#1575,#1580,#1585,#1590,#1595,#1600,#1605,#1610,#1615,#1620,#1625,#1630,#1635,#1640,#1645,#1650,#1655,#1660,#1665,#1670,#1675,#1680,#1685,#1690,#1695,#1700,#1705,#1710,#1715,#1720,#1725,#1730,#1735,#1740,#1745,#1750,#1755,#1760,#1765,#1770,#1775,#1780,#1785,#1790,#1795,#1800,#1805,#1810,#1815,#1820,#1825));
#4109= IFCFACETEDBREP(#4107);
#4110= IFCCOLOURRGB($,0.741176470588235,0.733333333333333,0.725490196078431);
#4111= IFCSURFACESTYLERENDERING(#4110,0.,$,$,$,$,IFCNORMALISEDRATIOMEASURE(0.5),IFCSPECULAREXPONENT(64.),.NOTDEFINED.);
#4112= IFCSURFACESTYLE('Stainless Steel - Salto Systems - Satin',.BOTH.,(#4111));
#4114= IFCPRESENTATIONSTYLEASSIGNMENT((#4112));
#4116= IFCSTYLEDITEM(#4109,(#4114),$);
#4119= IFCCLOSEDSHELL((#2220,#2225,#2230,#2235,#2240,#2245,#2250,#2255,#2260,#2265,#2270,#2275,#2280,#2285,#2290,#2295,#2300,#2305,#2310,#2315,#2320,#2325,#2330,#2335,#2340,#2345,#2350,#2355,#2360,#2365,#2370,#2375,#2380,#2385,#2390,#2395,#2400,#2405,#2410,#2415,#2420,#2425,#2430,#2435,#2440,#2445,#2450,#2455,#2460,#2465,#2470,#2475,#2480,#2485,#2490,#2495,#2500,#2505,#2510,#2515,#2520,#2525,#2530,#2535,#2540,#2545,#2550,#2555,#2560,#2565,#2570,#2575,#2580,#2585,#2590,#2595,#2600,#2605,#2610,#2615,#2620,#2625,#2630,#2635,#2640,#2645,#2650,#2655,#2660,#2665,#2670,#2675,#2680,#2685,#2690,#2695,#2700,#2705,#2710,#2715,#2720,#2725,#2730,#2735,#2740,#2745,#2750,#2755,#2760,#2765,#2770,#2775,#2780,#2785,#2790,#2795,#2800,#2805,#2810,#2815,#2820,#2825,#2830,#2835,#2840,#2845,#2850,#2855,#2860,#2865,#2870,#2875,#2880,#2885,#2890,#2895,#2900,#2905,#2910,#2915,#2920,#2925,#2930,#2935,#2940,#2945,#2950,#2955,#2960,#2965,#2970,#2975,#2980,#2985,#2990,#2995,#3000,#3005,#3010,#3015,#3020,#3025,#3030,#3035,#3040,#3045,#3050,#3055,#3060,#3065,#3070,#3075,#3080,#3085,#3090,#3095,#3100,#3105,#3110,#3115,#3120,#3125,#3130,#3135,#3140,#3145,#3150,#3155,#3160,#3165,#3170,#3175,#3180,#3185,#3190,#3195,#3200,#3205,#3210,#3215,#3220,#3225,#3230,#3235,#3240,#3245,#3250,#3255,#3260,#3265,#3270,#3275,#3280,#3285,#3290,#3295,#3300,#3305,#3310,#3315,#3320,#3325,#3330,#3335,#3340,#3345,#3350,#3355,#3360,#3365,#3370,#3375,#3380,#3385,#3390,#3395,#3400,#3405,#3410,#3415,#3420,#3425,#3430,#3435,#3440,#3445,#3450,#3455,#3460,#3465,#3470,#3475,#3480,#3485,#3490,#3495,#3500,#3505,#3510,#3515,#3520,#3525,#3530,#3535));
#4121= IFCFACETEDBREP(#4119);
#4122= IFCSTYLEDITEM(#4121,(#4114),$);
#4125= IFCCLOSEDSHELL((#3652,#3657,#3662,#3667,#3672,#3677,#3682,#3687,#3692,#3697,#3702,#3707,#3712,#3717,#3722,#3727,#3732,#3737,#3742,#3747,#3752,#3757,#3762,#3767,#3772,#3777,#3782,#3787,#3792,#3797));
#4127= IFCFACETEDBREP(#4125);
#4128= IFCSTYLEDITEM(#4127,(#4114),$);
#4131= IFCCLOSEDSHELL((#3866,#3871,#3876,#3881,#3886,#3891,#3896,#3901,#3906,#3911,#3916,#3921,#3926,#3931,#3936,#3941,#3946,#3951));
#4133= IFCFACETEDBREP(#4131);
#4134= IFCCOLOURRGB($,0.117647058823529,0.117647058823529,0.117647058823529);
#4135= IFCSURFACESTYLERENDERING(#4134,0.,$,$,$,$,IFCNORMALISEDRATIOMEASURE(0.5),IFCSPECULAREXPONENT(64.),.NOTDEFINED.);
#4136= IFCSURFACESTYLE('Plastic - Salto Systems - Black',.BOTH.,(#4135));
#4138= IFCPRESENTATIONSTYLEASSIGNMENT((#4136));
#4140= IFCSTYLEDITEM(#4133,(#4138),$);
#4143= IFCCLOSEDSHELL((#4020,#4025,#4030,#4035,#4040,#4045,#4050,#4055,#4060,#4065,#4070,#4075,#4080,#4085,#4090,#4095,#4100,#4105));
#4145= IFCFACETEDBREP(#4143);
#4146= IFCSTYLEDITEM(#4145,(#4114),$);
#4149= IFCSHAPEREPRESENTATION(#88,'Body','Brep',(#4109,#4121,#4127,#4133,#4145));
#4152= IFCAXIS2PLACEMENT3D(#6,$,$);
#4153= IFCREPRESENTATIONMAP(#4152,#4149);
#4155= IFCCARTESIANTRANSFORMATIONOPERATOR3D($,$,#6,1.,$);
#4156= IFCMAPPEDITEM(#4153,#4155);
#4158= IFCSHAPEREPRESENTATION(#88,'Body','MappedRepresentation',(#4156));
#4160= IFCPRODUCTDEFINITIONSHAPE($,$,(#4158));
#4164= IFCCARTESIANPOINT((81831.8413679256,105612.815991164,750.));
#4166= IFCAXIS2PLACEMENT3D(#4164,#17,#11);
#4167= IFCLOCALPLACEMENT(#111,#4166);
#4169= IFCBUILDINGELEMENTPROXY('3NVvkSPTrCOfH8bEPB7urg',#41,'Lock-Door-Salto_Systems-XS4_One_Escutcheons:XS4 One Escutcheon Stainless Steel Satin Finish:1049961',$,'XS4 One Escutcheon Stainless Steel Satin Finish',#4167,#4160,'1049961',.ELEMENT.);
#4178= IFCMATERIAL('Stainless Steel - Salto Systems - Satin');
#4181= IFCPRESENTATIONSTYLEASSIGNMENT((#4112));
#4183= IFCSTYLEDITEM($,(#4181),$);
#4185= IFCSTYLEDREPRESENTATION(#83,'Style','Material',(#4183));
#4188= IFCMATERIALDEFINITIONREPRESENTATION($,$,(#4185),#4178);
#4191= IFCMATERIAL('Plastic - Salto Systems - Black');
#4192= IFCPRESENTATIONSTYLEASSIGNMENT((#4136));
#4194= IFCSTYLEDITEM($,(#4192),$);
#4196= IFCSTYLEDREPRESENTATION(#83,'Style','Material',(#4194));
#4198= IFCMATERIALDEFINITIONREPRESENTATION($,$,(#4196),#4191);
#4201= IFCMATERIALLIST((#4178,#4191));
#4203= IFCPROPERTYSINGLEVALUE('Reference',$,IFCIDENTIFIER('XS4 One Escutcheon Stainless Steel Satin Finish'),$);
#4204= IFCPROPERTYSET('1NrkTIAhj3IvszMHdJS7dj',#41,'Pset_BuildingElementProxyCommon',$,(#4203));
#4209= IFCPROPERTYSINGLEVALUE('Manufacturer',$,IFCLABEL('Salto Systems'),$);
#4210= IFCPROPERTYSET('3UJEcx1E9EffzLfIt9Mqq_',#41,'Pset_ManufacturerTypeInformation',$,(#4209));
#4212= IFCRELDEFINESBYPROPERTIES('0lhTojSyjBdQYvMP7S90Dk',#41,$,$,(#4169),#4204);
#4216= IFCRELDEFINESBYPROPERTIES('1CqdZ3XW991QcyHoe26byA',#41,$,$,(#4169),#4210);
#4219= IFCCLASSIFICATION('http://www.csiorg.net/uniformat','1998',$,'Uniformat');
#4221= IFCPROPERTYSINGLEVALUE('Circuit Number',$,IFCTEXT(''),$);
#4222= IFCPROPERTYSINGLEVALUE('Panel',$,IFCTEXT(''),$);
#4223= IFCPROPERTYSINGLEVALUE('Offset',$,IFCLENGTHMEASURE(-8951.82774633056),$);
#4224= IFCPROPERTYSINGLEVALUE('Work Plane',$,IFCTEXT('<not associated>'),$);
#4225= IFCPROPERTYSINGLEVALUE('Phase Created',$,IFCLABEL('New Construction'),$);
#4226= IFCPROPERTYSINGLEVALUE('Panel Thickness',$,IFCLENGTHMEASURE(25.),$);
#4227= IFCPROPERTYSINGLEVALUE('Area',$,IFCAREAMEASURE(0.0542916880464838),$);
#4228= IFCPROPERTYSINGLEVALUE('Depth',$,IFCLENGTHMEASURE(218.),$);
#4229= IFCPROPERTYSINGLEVALUE('Height',$,IFCLENGTHMEASURE(285.),$);
#4230= IFCPROPERTYSINGLEVALUE('Volume',$,IFCVOLUMEMEASURE(0.000701569258154965),$);
#4231= IFCPROPERTYSINGLEVALUE('Width',$,IFCLENGTHMEASURE(42.),$);
#4232= IFCPROPERTYSINGLEVALUE('Equipment Number',$,IFCTEXT(''),$);
#4233= IFCPROPERTYSINGLEVALUE('Mark',$,IFCTEXT('236'),$);
#4234= IFCPROPERTYSINGLEVALUE('Part Description',$,IFCTEXT('XS4 One Escutcheon'),$);
#4235= IFCPROPERTYSINGLEVALUE('Part Number',$,IFCTEXT('Ex750'),$);
#4236= IFCPROPERTYSINGLEVALUE('Category',$,IFCLABEL('Security Devices'),$);
#4237= IFCPROPERTYSINGLEVALUE('Family',$,IFCLABEL('Lock-Door-Salto_Systems-XS4_One_Escutcheons: XS4 One Escutcheon Stainless Steel Satin Finish'),$);
#4238= IFCPROPERTYSINGLEVALUE('Family and Type',$,IFCLABEL('Lock-Door-Salto_Systems-XS4_One_Escutcheons: XS4 One Escutcheon Stainless Steel Satin Finish'),$);
#4239= IFCPROPERTYSINGLEVALUE('Type',$,IFCLABEL('Lock-Door-Salto_Systems-XS4_One_Escutcheons: XS4 One Escutcheon Stainless Steel Satin Finish'),$);
#4240= IFCPROPERTYSINGLEVALUE('Type Id',$,IFCLABEL('Lock-Door-Salto_Systems-XS4_One_Escutcheons: XS4 One Escutcheon Stainless Steel Satin Finish'),$);
#4241= IFCPROPERTYSINGLEVALUE('Product Material',$,IFCLABEL('Stainless Steel - Salto Systems - Satin'),$);
#4242= IFCPROPERTYSINGLEVALUE('Mounting Height',$,IFCLENGTHMEASURE(1000.),$);
#4243= IFCPROPERTYSINGLEVALUE('Assembly Code',$,IFCTEXT(''),$);
#4244= IFCPROPERTYSINGLEVALUE('Assembly Description',$,IFCTEXT(''),$);
#4245= IFCPROPERTYSINGLEVALUE('Copyright',$,IFCTEXT('Copyright \X2\00A9\X0\ Salto Systems'),$);
#4246= IFCPROPERTYSINGLEVALUE('Date Created',$,IFCTEXT('March 2, 2017'),$);
#4247= IFCPROPERTYSINGLEVALUE('Date Modified',$,IFCTEXT('March 2, 2017'),$);
#4248= IFCPROPERTYSINGLEVALUE('Description',$,IFCTEXT('XS4 One Escutcheon'),$);
#4249= IFCPROPERTYSINGLEVALUE('Equipment Abbreviation',$,IFCTEXT('DH'),$);
#4250= IFCPROPERTYSINGLEVALUE('Family Version',$,IFCTEXT('1.0'),$);
#4251= IFCPROPERTYSINGLEVALUE('Manufacturer',$,IFCTEXT('Salto Systems'),$);
#4252= IFCPROPERTYSINGLEVALUE('Model',$,IFCTEXT('Ex750'),$);
#4253= IFCPROPERTYSINGLEVALUE('Model Disclaimer',$,IFCTEXT('Contact Salto Systems for more information'),$);
#4254= IFCPROPERTYSINGLEVALUE('OmniClass Number',$,IFCTEXT('23.17.19.11'),$);
#4255= IFCPROPERTYSINGLEVALUE('OmniClass Title',$,IFCTEXT(''),$);
#4256= IFCPROPERTYSINGLEVALUE('Product Documentation Link',$,IFCTEXT(''),$);
#4257= IFCPROPERTYSINGLEVALUE('Product Page URL',$,IFCTEXT('http://www.saltosystems.com/en-us/product-range/product/73/xs4-escutcheons/'),$);
#4258= IFCPROPERTYSINGLEVALUE('Type Name',$,IFCTEXT('XS4 One Escutcheon Stainless Steel Satin Finish'),$);
#4259= IFCPROPERTYSINGLEVALUE('URL',$,IFCTEXT('http://www.saltosystems.com/'),$);
#4260= IFCPROPERTYSINGLEVALUE('Family Name',$,IFCTEXT('Lock-Door-Salto_Systems-XS4_One_Escutcheons'),$);
#4261= IFCPROPERTYSET('3NVvkSPTrCOfH8al9B7urg',#41,'Constraints',$,(#4223,#4224));
#4263= IFCRELDEFINESBYPROPERTIES('3NVvkSPTrCOfH8a$9B7urg',#41,$,$,(#4169),#4261);
#4266= IFCPROPERTYSET('3NVvkSPTrCOfH8ak9B7urg',#41,'Construction',$,(#4226));
#4268= IFCRELDEFINESBYPROPERTIES('3NVvkSPTrCOfH8a_9B7urg',#41,$,$,(#4169),#4266);
#4271= IFCPROPERTYSET('3NVvkSPTrCOfH8akHB7urg',#41,'Dimensions',$,(#4227,#4228,#4229,#4230,#4231));
#4273= IFCRELDEFINESBYPROPERTIES('3NVvkSPTrCOfH8a_HB7urg',#41,$,$,(#4169),#4271);
#4276= IFCPROPERTYSET('3NVvkSPTrCOfH8alnB7urg',#41,'Electrical - Loads',$,(#4221,#4222));
#4278= IFCRELDEFINESBYPROPERTIES('3NVvkSPTrCOfH8a$nB7urg',#41,$,$,(#4169),#4276);
#4281= IFCPROPERTYSET('3NVvkSPTrCOfH8akTB7urg',#41,'Identity Data',$,(#4232,#4233,#4234,#4235));
#4283= IFCRELDEFINESBYPROPERTIES('3NVvkSPTrCOfH8a_TB7urg',#41,$,$,(#4169),#4281);
#4286= IFCPROPERTYSET('2hWcsS4_j97gNfu_H8iDl_',#41,'Other',$,(#4236,#4237,#4238,#4239,#4240));
#4288= IFCRELDEFINESBYPROPERTIES('2CbFFMeAPBIu8J1fLbabAn',#41,$,$,(#4169),#4286);
#4291= IFCPROPERTYSET('3NVvkSPTrCOfH8akbB7urg',#41,'Phasing',$,(#4225));
#4293= IFCRELDEFINESBYPROPERTIES('3NVvkSPTrCOfH8a_bB7urg',#41,$,$,(#4169),#4291);
#4296= IFCPROPERTYSET('3NVvkSPTrCOfH8ak9B06gO',#41,'Construction',$,(#4242));
#4298= IFCPROPERTYSET('3NVvkSPTrCOfH8akTB06gO',#41,'Identity Data',$,(#4243,#4244,#4245,#4246,#4247,#4248,#4249,#4250,#4251,#4252,#4253,#4254,#4255,#4256,#4257,#4258,#4259));
#4300= IFCPROPERTYSET('3NVvkSPTrCOfH8ak1B06gO',#41,'Materials and Finishes',$,(#4241));
#4302= IFCPROPERTYSET('01$H$sGPL2EQ_NLPoSRLS1',#41,'Other',$,(#4236,#4260));
#4304= IFCAXIS2PLACEMENT3D(#6,$,$);
#4305= IFCLOCALPLACEMENT($,#4304);
#4306= IFCSITE('3Bgr3VrYj3GvYAomU0Hkgf',#41,'Default',$,'',#4305,$,$,.ELEMENT.,(-33,-52,-1,-696472),(151,12,25,587158),0.,$,$);
#4310= IFCPROPERTYSINGLEVALUE('Author',$,IFCTEXT(''),$);
#4311= IFCPROPERTYSINGLEVALUE('Building Name',$,IFCTEXT(''),$);
#4312= IFCPROPERTYSINGLEVALUE('Organization Description',$,IFCTEXT(''),$);
#4313= IFCPROPERTYSINGLEVALUE('Organization Name',$,IFCTEXT(''),$);
#4314= IFCPROPERTYSINGLEVALUE('Category',$,IFCLABEL('Project Information'),$);
#4315= IFCPROPERTYSINGLEVALUE('Client Name',$,IFCTEXT('Owner'),$);
#4316= IFCPROPERTYSINGLEVALUE('Project Address',$,IFCTEXT('Enter address here'),$);
#4317= IFCPROPERTYSINGLEVALUE('Project Issue Date',$,IFCTEXT('Issue Date'),$);
#4318= IFCPROPERTYSINGLEVALUE('Project Name',$,IFCTEXT('Project Name'),$);
#4319= IFCPROPERTYSINGLEVALUE('Project Number',$,IFCTEXT('Project Number'),$);
#4320= IFCPROPERTYSINGLEVALUE('Project Status',$,IFCTEXT('Project Status'),$);
#4321= IFCPROPERTYSET('27PCKGLxT4mxtV86o6mgBW',#41,'Identity Data',$,(#4310,#4311,#4312,#4313));
#4323= IFCRELDEFINESBYPROPERTIES('27PCKGLxT4mxtV8Mo6mgBW',#41,$,$,(#4306),#4321);
#4327= IFCPROPERTYSET('2192JUfTPBG8enftIZcddt',#41,'Other',$,(#4314,#4315,#4316,#4317,#4318,#4319,#4320));
#4329= IFCRELDEFINESBYPROPERTIES('2c22XNlCHANPiuzPhUg8TX',#41,$,$,(#4306),#4327);
#4333= IFCPROPERTYSINGLEVALUE('AboveGround',$,IFCLOGICAL(.U.),$);
#4334= IFCPROPERTYSET('3Zu5Bv0LOHrPC12_o6FoQQ',#41,'Pset_BuildingStoreyCommon',$,(#4333));
#4336= IFCRELDEFINESBYPROPERTIES('330HHTip17ifDqYOkWHn26',#41,$,$,(#113),#4334);
#4340= IFCPROPERTYSINGLEVALUE('Elevation',$,IFCLENGTHMEASURE(0.),$);
#4341= IFCPROPERTYSINGLEVALUE('Computation Height',$,IFCLENGTHMEASURE(0.),$);
#4342= IFCPROPERTYSINGLEVALUE('Building Story',$,IFCBOOLEAN(.T.),$);
#4343= IFCPROPERTYSINGLEVALUE('Name',$,IFCTEXT('1 Ground Floor - Fine'),$);
#4344= IFCPROPERTYSINGLEVALUE('Structural',$,IFCBOOLEAN(.F.),$);
#4345= IFCPROPERTYSINGLEVALUE('Category',$,IFCLABEL('Levels'),$);
#4346= IFCPROPERTYSINGLEVALUE('Family',$,IFCLABEL('Level: 8mm Head'),$);
#4347= IFCPROPERTYSINGLEVALUE('Family and Type',$,IFCLABEL('Level: 8mm Head'),$);
#4348= IFCPROPERTYSINGLEVALUE('Type',$,IFCLABEL('Level: 8mm Head'),$);
#4349= IFCPROPERTYSINGLEVALUE('Type Id',$,IFCLABEL('Level: 8mm Head'),$);
#4350= IFCPROPERTYSINGLEVALUE('Elevation Base',$,IFCIDENTIFIER('Project Base Point'),$);
#4351= IFCPROPERTYSINGLEVALUE('Color',$,IFCINTEGER(0),$);
#4352= IFCPROPERTYSINGLEVALUE('Line Pattern',$,IFCLABEL('Solid'),$);
#4353= IFCPROPERTYSINGLEVALUE('Line Weight',$,IFCIDENTIFIER('1'),$);
#4354= IFCPROPERTYSINGLEVALUE('Symbol',$,IFCLABEL('Level Head - Triangle (AUS): Type 1'),$);
#4355= IFCPROPERTYSINGLEVALUE('Symbol at End 1 Default',$,IFCBOOLEAN(.F.),$);
#4356= IFCPROPERTYSINGLEVALUE('Symbol at End 2 Default',$,IFCBOOLEAN(.T.),$);
#4357= IFCPROPERTYSINGLEVALUE('Type Name',$,IFCTEXT('8mm Head'),$);
#4358= IFCPROPERTYSINGLEVALUE('Family Name',$,IFCTEXT('Level'),$);
#4359= IFCPROPERTYSET('3Zu5Bv0LOHrPC11XI6FoQQ',#41,'Constraints',$,(#4340));
#4361= IFCRELDEFINESBYPROPERTIES('3Zu5Bv0LOHrPC11nI6FoQQ',#41,$,$,(#113),#4359);
#4364= IFCPROPERTYSET('3Zu5Bv0LOHrPC11WA6FoQQ',#41,'Dimensions',$,(#4341));
#4366= IFCRELDEFINESBYPROPERTIES('3Zu5Bv0LOHrPC11mA6FoQQ',#41,$,$,(#113),#4364);
#4369= IFCPROPERTYSET('3Zu5Bv0LOHrPC11W66FoQQ',#41,'Identity Data',$,(#4342,#4343,#4344));
#4371= IFCRELDEFINESBYPROPERTIES('3Zu5Bv0LOHrPC11m66FoQQ',#41,$,$,(#113),#4369);
#4374= IFCPROPERTYSET('08wQBGvYP1sBrvVLOMF37q',#41,'Other',$,(#4345,#4346,#4347,#4348,#4349));
#4376= IFCRELDEFINESBYPROPERTIES('0ZhYzX8BPDyhsIguHPjsbx',#41,$,$,(#113),#4374);
#4379= IFCPROPERTYSET('3Zu5Bv0LOHrPC11XI6FoQS',#41,'Constraints',$,(#4350));
#4381= IFCPROPERTYSET('3Zu5Bv0LOHrPC11WM6FoQS',#41,'Graphics',$,(#4351,#4352,#4353,#4354,#4355,#4356));
#4383= IFCPROPERTYSET('3Zu5Bv0LOHrPC11W66FoQS',#41,'Identity Data',$,(#4357));
#4385= IFCPROPERTYSET('3jrWqNiT51ifNGOG415J6Y',#41,'Other',$,(#4345,#4358));
#4387= IFCRELCONTAINEDINSPATIALSTRUCTURE('3Zu5Bv0LOHrPC10066FoQQ',#41,$,$,(#4169),#113);
#4391= IFCRELAGGREGATES('0Orejjw_rD2RhTKB1XozOF',#41,$,$,#94,(#4306));
#4395= IFCRELAGGREGATES('1MT$_sLqX1wffSNxijK_Ow',#41,$,$,#4306,(#104));
#4399= IFCRELAGGREGATES('27PCKGLxT4mxtV9cw6mgBW',#41,$,$,#104,(#113));
#4403= IFCPROPERTYSINGLEVALUE('NumberOfStoreys',$,IFCINTEGER(1),$);
#4404= IFCPROPERTYSET('27PCKGLxT4mxtVBOQ6mgBW',#41,'Pset_BuildingCommon',$,(#4403));
#4406= IFCRELDEFINESBYPROPERTIES('2GfsL7HzP6OwY$QeDn1EH0',#41,$,$,(#104),#4404);
#4410= IFCPROPERTYSINGLEVALUE('Client Name',$,IFCTEXT('Owner'),$);
#4411= IFCPROPERTYSINGLEVALUE('Project Address',$,IFCTEXT('Enter address here'),$);
#4412= IFCPROPERTYSINGLEVALUE('Project Issue Date',$,IFCTEXT('Issue Date'),$);
#4413= IFCPROPERTYSINGLEVALUE('Project Name',$,IFCTEXT('Project Name'),$);
#4414= IFCPROPERTYSINGLEVALUE('Project Number',$,IFCTEXT('Project Number'),$);
#4415= IFCPROPERTYSINGLEVALUE('Project Status',$,IFCTEXT('Project Status'),$);
#4416= IFCPROPERTYSET('0oC2QIASX6HeHEZ4L5jlH_',#41,'Identity Data',$,(#4310,#4311,#4312,#4313));
#4418= IFCRELDEFINESBYPROPERTIES('2VbJxuM3j2OhbpLt0khaPM',#41,$,$,(#104),#4416);
#4421= IFCPROPERTYSET('2JMzLUugLDxQnN3QEDLfWb',#41,'Other',$,(#4314,#4410,#4411,#4412,#4413,#4414,#4415));
#4423= IFCRELDEFINESBYPROPERTIES('3uCfvfkSTFNOiwR$XgARiu',#41,$,$,(#104),#4421);
#4426= IFCRELASSOCIATESMATERIAL('2ZwTFVvTXCnvXXCdKj8MDI',#41,$,$,(#4169),#4201);
#4429= IFCRELDEFINESBYPROPERTIES('1gopWvAojC39T7iMJG1hFs',#41,$,$,(#4169),#4296);
#4432= IFCRELDEFINESBYPROPERTIES('2ozEFaNy9DqucihKJrgRCd',#41,$,$,(#4169),#4298);
#4435= IFCRELDEFINESBYPROPERTIES('3SGwFAkEX8Qu1_WVeN2VFh',#41,$,$,(#4169),#4300);
#4438= IFCRELDEFINESBYPROPERTIES('3X50GCY7rB0fwY3kepl$MQ',#41,$,$,(#4169),#4302);
#4441= IFCRELDEFINESBYPROPERTIES('2VsfHXQgrBFf2RnKlWk5Jk',#41,$,$,(#113),#4379);
#4444= IFCRELDEFINESBYPROPERTIES('1pQbM9o1n2Q9BFdR85SH1e',#41,$,$,(#113),#4381);
#4447= IFCRELDEFINESBYPROPERTIES('2CannL4hH5$xWfUNuPaIRL',#41,$,$,(#113),#4383);
#4453= IFCPRESENTATIONLAYERASSIGNMENT('E-SERT-____-OTLN',$,(#4149,#4158),$);
ENDSEC;

END-ISO-10303-21;
